{
  "id" : "f3e2d1eb-25e7-4ff0-8d12-d05edc88639f",
  "type" : "apikey",
  "project_tag" : "V15",
  "name" : "APIKey",
  "description" : null,
  "apikey_key_name" : "x-api-key",
  "entity_id" : "5e9efb1b-2a93-4103-ad78-36e772978199",
  "jwks_uri" : null,
  "jwks_timeout" : null,
  "cache_duration" : null,
  "clock_skew" : null,
  "client_id_key" : null,
  "issuer" : null,
  "audiences" : {
    "type" : "jsonb",
    "value" : "[]",
    "null" : false
  },
  "flows" : {
    "type" : "jsonb",
    "value" : "[]",
    "null" : false
  },
  "scopes" : {
    "type" : "jsonb",
    "value" : "{}",
    "null" : false
  },
  "scopes_claim" : "scp",
  "forward_credentials_on_success" : false,
  "forward_payload_header" : null,
  "identity_provider_id" : null,
  "apikey_location" : "HEADER"
}