{
  "component_config_id" : "7234a0df-de45-4fdb-8ad1-caa5a99a7cd9",
  "endpoint_config_json" : {
    "type" : "jsonb",
    "value" : "{\"crossRef\": [], \"services\": [], \"multistep\": [], \"operations\": []}",
    "null" : false
  },
  "input_config_json" : {
    "type" : "jsonb",
    "value" : "{\"crossRef\": [], \"services\": [], \"multistep\": [], \"operations\": [{\"map\": {\"id\": \"f7283597-72ee-4924-b730-da7b2eab5339\", \"root\": true, \"type\": \"map\", \"cached\": false, \"source\": \"/GetSFDCContactByIdOutput\", \"target\": \"/GetEnhancedContactInput/GetSFDCContactByIdOutput\", \"mapNull\": false, \"disabled\": false, \"extractXml\": false, \"extractJson\": false, \"targetOrder\": 1.0, \"mapEmptyString\": false}}]}",
    "null" : false
  },
  "output_config_json" : {
    "type" : "jsonb",
    "value" : "{\"crossRef\": [], \"services\": [], \"multistep\": [], \"operations\": [{\"map\": {\"id\": \"6b8b89e6-941e-4b55-9116-5f6f014035b7\", \"root\": true, \"type\": \"map\", \"cached\": false, \"source\": \"/GetEnhancedContactOutput\", \"target\": \"/GetEnhancedContactOutput\", \"mapNull\": false, \"disabled\": false, \"extractXml\": false, \"extractJson\": false, \"targetOrder\": 1.0, \"mapEmptyString\": false}}, {\"map\": {\"id\": \"c2415b5c-62bb-4823-a220-7454e4fce69a\", \"root\": true, \"type\": \"map\", \"cached\": false, \"source\": \"/GetEnhancedContactOutput/ResponseBody\", \"target\": \"/ContactReportResponseContent\", \"mapNull\": false, \"disabled\": false, \"extractXml\": false, \"extractJson\": false, \"targetOrder\": 1.0, \"mapEmptyString\": false}}]}",
    "null" : false
  },
  "component_id" : "756d919f-1b1f-4eab-9f44-2f7b5bbe175c",
  "service_id" : "19a7916d-c36a-4412-8ddd-4cf9e943eebd",
  "endpoint_id" : null,
  "parent_component_config_id" : null,
  "component_config_order" : 1.5,
  "action_id" : "8e231fcc-71d0-43f6-9303-70dcb0ca6080",
  "name" : "Enhance Contact",
  "description" : "",
  "override_endpoint" : false,
  "input_structure_json" : {
    "type" : "jsonb",
    "value" : "{\"maps\": [{\"/GetEnhancedContactInput/GetSFDCContactByIdOutput\": [{\"type\": \"map\", \"source\": {\"path\": \"/GetSFDCContactByIdOutput\", \"title\": \"GetSFDCContactByIdOutput\", \"dataElementType\": \"document\"}, \"target\": {\"path\": \"/GetEnhancedContactInput/GetSFDCContactByIdOutput\", \"order\": 1, \"title\": \"GetSFDCContactByIdOutput\", \"dataElementType\": \"document\"}, \"mapCondition\": {\"isConditionSet\": false, \"sourceTreeIndex\": [], \"targetTreeIndex\": [], \"mapConditionFormValue\": {}}}]}], \"mappedNodes\": [\"/GetEnhancedContactOutputactionOut\", \"/GetEnhancedContactOutputpipeOut\", \"/GetSFDCContactByIdOutput pipeIn\", \"/GetEnhancedContactInput/GetSFDCContactByIdOutput actionIn\", \"/GetEnhancedContactOutput/ResponseBody\", \"/ContactReportResponseContentpipeOut\"]}",
    "null" : false
  },
  "output_structure_json" : {
    "type" : "jsonb",
    "value" : "{\"maps\": [{\"/GetEnhancedContactOutput\": [{\"type\": \"map\", \"source\": {\"path\": \"/GetEnhancedContactOutput\", \"title\": \"GetEnhancedContactOutput\", \"dataElementType\": \"document\"}, \"target\": {\"path\": \"/GetEnhancedContactOutput\", \"order\": 1, \"title\": \"GetEnhancedContactOutput\", \"dataElementType\": \"document\"}, \"mapCondition\": {\"isConditionSet\": false, \"sourceTreeIndex\": [], \"targetTreeIndex\": [], \"mapConditionFormValue\": {}}}]}, {\"/ContactReportResponseContent\": [{\"type\": \"map\", \"source\": {\"path\": \"/GetEnhancedContactOutput/ResponseBody\", \"title\": \"ResponseBody\", \"dataElementType\": \"document\"}, \"target\": {\"path\": \"/ContactReportResponseContent\", \"order\": 1, \"title\": \"ContactReportResponseContent\", \"dataElementType\": \"document\"}, \"mapCondition\": {\"isConditionSet\": false, \"sourceTreeIndex\": [], \"targetTreeIndex\": [], \"mapConditionFormValue\": {}}}]}], \"tracks\": {}, \"transformer\": []}",
    "null" : false
  },
  "endpoint_structure_json" : {
    "type" : "jsonb",
    "value" : "{\"maps\": []}",
    "null" : false
  },
  "is_error" : false,
  "no_of_errors" : 0,
  "action_input_type" : null,
  "config_service_id" : "aa8a0812-f9a7-49a6-85d1-7200e00d06fe",
  "config_imap_id" : null,
  "config_b2b_document_type_id" : null,
  "config_document_id" : null,
  "add_variables" : {
    "type" : "jsonb",
    "value" : "[{\"id\": \"f8698489-62ca-4ce5-b522-33deffe96d12\", \"key\": \"/ContactReportResponseContent\", \"type\": \"node\", \"order\": 1, \"title\": \"ContactReportResponseContent\", \"value\": {}, \"children\": [{\"id\": \"44ff18fe-9b83-42f3-a509-ceebaecfe111\", \"key\": \"/ContactReportResponseContent/contact\", \"type\": \"object\", \"order\": 1, \"title\": \"contact\", \"value\": {\"type\": \"object\", \"requiredFlag\": false}, \"isLeaf\": false, \"children\": [{\"id\": \"602df20e-67a4-47ee-93cc-d80a70904efa\", \"key\": \"/ContactReportResponseContent/contact/name\", \"type\": \"string\", \"order\": 2, \"title\": \"name\", \"value\": {\"type\": \"string\", \"requiredFlag\": false}, \"isLeaf\": true, \"childrenSet\": false, \"hasChildren\": false, \"dataElementType\": \"string\", \"componentConfigId\": \"7234a0df-de45-4fdb-8ad1-caa5a99a7cd9\", \"componentConfigName\": \"Service\", \"encryption_required\": false}, {\"id\": \"7a8d8afb-e901-4218-bf95-c61493942240\", \"key\": \"/ContactReportResponseContent/contact/title\", \"type\": \"string\", \"order\": 3, \"title\": \"title\", \"value\": {\"type\": \"string\", \"requiredFlag\": false}, \"isLeaf\": true, \"childrenSet\": false, \"hasChildren\": false, \"dataElementType\": \"string\", \"componentConfigId\": \"7234a0df-de45-4fdb-8ad1-caa5a99a7cd9\", \"componentConfigName\": \"Service\", \"encryption_required\": false}, {\"id\": \"43fda509-f74f-46ab-b90a-47f1a2739fcf\", \"key\": \"/ContactReportResponseContent/contact/company\", \"type\": \"string\", \"order\": 4, \"title\": \"company\", \"value\": {\"type\": \"string\", \"requiredFlag\": false}, \"isLeaf\": true, \"childrenSet\": false, \"hasChildren\": false, \"dataElementType\": \"string\", \"componentConfigId\": \"7234a0df-de45-4fdb-8ad1-caa5a99a7cd9\", \"componentConfigName\": \"Service\", \"encryption_required\": false}, {\"id\": \"e11589d6-5567-4158-aa86-c2711acbf07e\", \"key\": \"/ContactReportResponseContent/contact/industry\", \"type\": \"string\", \"order\": 5, \"title\": \"industry\", \"value\": {\"type\": \"string\", \"requiredFlag\": false}, \"isLeaf\": true, \"childrenSet\": false, \"hasChildren\": false, \"dataElementType\": \"string\", \"componentConfigId\": \"7234a0df-de45-4fdb-8ad1-caa5a99a7cd9\", \"componentConfigName\": \"Service\", \"encryption_required\": false}, {\"id\": \"1ab3b9c0-5856-4ec8-8a90-361e970f7033\", \"key\": \"/ContactReportResponseContent/contact/email\", \"type\": \"string\", \"order\": 6, \"title\": \"email\", \"value\": {\"type\": \"string\", \"requiredFlag\": false}, \"isLeaf\": true, \"childrenSet\": false, \"hasChildren\": false, \"dataElementType\": \"string\", \"componentConfigId\": \"7234a0df-de45-4fdb-8ad1-caa5a99a7cd9\", \"componentConfigName\": \"Service\", \"encryption_required\": false}, {\"id\": \"1789d978-4e7a-410a-bf9a-bfeada9fc66b\", \"key\": \"/ContactReportResponseContent/contact/phone\", \"type\": \"string\", \"order\": 7, \"title\": \"phone\", \"value\": {\"type\": \"string\", \"requiredFlag\": false}, \"isLeaf\": true, \"childrenSet\": false, \"hasChildren\": false, \"dataElementType\": \"string\", \"componentConfigId\": \"7234a0df-de45-4fdb-8ad1-caa5a99a7cd9\", \"componentConfigName\": \"Service\", \"encryption_required\": false}], \"childrenSet\": false, \"hasChildren\": true, \"dataElementType\": \"document\", \"componentConfigId\": \"7234a0df-de45-4fdb-8ad1-caa5a99a7cd9\", \"componentConfigName\": \"Service\", \"encryption_required\": false}, {\"id\": \"304b3112-4215-4a5b-884a-17412a645862\", \"key\": \"/ContactReportResponseContent/insights\", \"type\": \"object\", \"order\": 8, \"title\": \"insights\", \"value\": {\"type\": \"object\", \"requiredFlag\": false}, \"isLeaf\": false, \"children\": [{\"id\": \"5be4acae-10bf-467f-bc41-66aebd4c9806\", \"key\": \"/ContactReportResponseContent/insights/personalized_outreach\", \"type\": \"string\", \"order\": 9, \"title\": \"personalized_outreach\", \"value\": {\"type\": \"string\", \"requiredFlag\": false}, \"isLeaf\": true, \"childrenSet\": false, \"hasChildren\": false, \"dataElementType\": \"string\", \"componentConfigId\": \"7234a0df-de45-4fdb-8ad1-caa5a99a7cd9\", \"componentConfigName\": \"Service\", \"encryption_required\": false}, {\"id\": \"1dcd8d0d-67fb-4cc4-a167-908ee7f6bb5f\", \"key\": \"/ContactReportResponseContent/insights/industry_summary\", \"type\": \"string\", \"order\": 10, \"title\": \"industry_summary\", \"value\": {\"type\": \"string\", \"requiredFlag\": false}, \"isLeaf\": true, \"childrenSet\": false, \"hasChildren\": false, \"dataElementType\": \"string\", \"componentConfigId\": \"7234a0df-de45-4fdb-8ad1-caa5a99a7cd9\", \"componentConfigName\": \"Service\", \"encryption_required\": false}, {\"id\": \"6c46ebdd-03ef-4d0b-bdec-cd9eb5be6abd\", \"key\": \"/ContactReportResponseContent/insights/talking_points[]\", \"type\": \"array\", \"order\": 11, \"title\": \"talking_points\", \"value\": {\"type\": \"array\", \"requiredFlag\": false}, \"isLeaf\": false, \"childrenSet\": false, \"hasChildren\": false, \"dataElementType\": \"stringArray\", \"componentConfigId\": \"7234a0df-de45-4fdb-8ad1-caa5a99a7cd9\", \"componentConfigName\": \"Service\", \"encryption_required\": false}, {\"id\": \"fbdc33c1-0d1a-4e76-aaa9-af73ed798a76\", \"key\": \"/ContactReportResponseContent/insights/sentiment_score\", \"type\": \"number\", \"order\": 12, \"title\": \"sentiment_score\", \"value\": {\"type\": \"number\", \"requiredFlag\": false}, \"isLeaf\": true, \"childrenSet\": false, \"hasChildren\": false, \"dataElementType\": \"number\", \"componentConfigId\": \"7234a0df-de45-4fdb-8ad1-caa5a99a7cd9\", \"componentConfigName\": \"Service\", \"encryption_required\": false}, {\"id\": \"3fe1ca19-beff-4162-92b4-b29c230d9861\", \"key\": \"/ContactReportResponseContent/insights/churn_risk\", \"type\": \"string\", \"order\": 13, \"title\": \"churn_risk\", \"value\": {\"type\": \"string\", \"requiredFlag\": false}, \"isLeaf\": true, \"childrenSet\": false, \"hasChildren\": false, \"dataElementType\": \"string\", \"componentConfigId\": \"7234a0df-de45-4fdb-8ad1-caa5a99a7cd9\", \"componentConfigName\": \"Service\", \"encryption_required\": false}], \"childrenSet\": false, \"hasChildren\": true, \"dataElementType\": \"document\", \"componentConfigId\": \"7234a0df-de45-4fdb-8ad1-caa5a99a7cd9\", \"componentConfigName\": \"Service\", \"encryption_required\": false}, {\"id\": \"6add73b6-e079-4e7f-8e42-ada8c7b39356\", \"key\": \"/ContactReportResponseContent/recommendations\", \"type\": \"object\", \"order\": 14, \"title\": \"recommendations\", \"value\": {\"type\": \"object\", \"requiredFlag\": false}, \"isLeaf\": false, \"children\": [{\"id\": \"6a74eb45-3eb9-4b05-81d7-0feb0c3fd210\", \"key\": \"/ContactReportResponseContent/recommendations/next_steps[]\", \"type\": \"array\", \"order\": 15, \"title\": \"next_steps\", \"value\": {\"type\": \"array\", \"requiredFlag\": false}, \"isLeaf\": false, \"childrenSet\": false, \"hasChildren\": false, \"dataElementType\": \"stringArray\", \"componentConfigId\": \"7234a0df-de45-4fdb-8ad1-caa5a99a7cd9\", \"componentConfigName\": \"Service\", \"encryption_required\": false}], \"childrenSet\": false, \"hasChildren\": true, \"dataElementType\": \"document\", \"componentConfigId\": \"7234a0df-de45-4fdb-8ad1-caa5a99a7cd9\", \"componentConfigName\": \"Service\", \"encryption_required\": false}], \"editAllow\": true, \"componentName\": \"Enhance Contact\", \"dataElementType\": \"document\", \"componentConfigId\": \"7234a0df-de45-4fdb-8ad1-caa5a99a7cd9\", \"componentConfigName\": \"Service\"}]",
    "null" : false
  },
  "drop_variables" : {
    "type" : "jsonb",
    "value" : "[]",
    "null" : false
  },
  "plug_input_structure" : null,
  "plug_output_structure" : null,
  "config_plug_id" : null,
  "override_plug" : false,
  "config_java_service_id" : null,
  "service_tag" : "V15",
  "endpoint_tag" : null,
  "config_service_tag" : "EMPTY",
  "config_imap_tag" : "",
  "config_b2b_document_type_tag" : "",
  "active" : false,
  "parent_component_config_service_tag" : "V15",
  "service_project_id" : "4351d04d-3ddb-4089-844f-4e359c33e4e0",
  "service_project_tag" : "V15",
  "config_service_project_id" : "4351d04d-3ddb-4089-844f-4e359c33e4e0",
  "config_service_project_tag" : "EMPTY",
  "config_imap_project_id" : null,
  "config_imap_project_tag" : "",
  "config_b2b_document_type_project_id" : null,
  "config_b2b_document_type_project_tag" : "",
  "endpoint_project_id" : null,
  "endpoint_project_tag" : null,
  "config_plug_tag" : null,
  "config_plug_project_id" : null,
  "config_plug_project_tag" : null,
  "config_java_service_tag" : "",
  "config_java_service_project_id" : null,
  "config_java_service_project_tag" : "",
  "disabled" : false,
  "config" : {
    "type" : "json",
    "value" : "{\"serviceProjectName\":\"FusionContactPlanMCP\"}",
    "null" : false
  },
  "config_b2b_document_type_project_mode_id" : "112c1cb8-4b9e-4d1a-a042-0bd031dc7d05",
  "config_imap_project_mode_id" : "112c1cb8-4b9e-4d1a-a042-0bd031dc7d05",
  "config_java_service_project_mode_id" : "112c1cb8-4b9e-4d1a-a042-0bd031dc7d05",
  "config_plug_project_mode_id" : "112c1cb8-4b9e-4d1a-a042-0bd031dc7d05",
  "config_service_project_mode_id" : "112c1cb8-4b9e-4d1a-a042-0bd031dc7d05",
  "endpoint_project_mode_id" : "112c1cb8-4b9e-4d1a-a042-0bd031dc7d05",
  "service_project_mode_id" : "112c1cb8-4b9e-4d1a-a042-0bd031dc7d05",
  "parent_component_config_service_project_mode_id" : "112c1cb8-4b9e-4d1a-a042-0bd031dc7d05",
  "is_audit" : true,
  "keys_with_order" : null
}