{
  "component_config_id" : "93a20c33-4c31-41d9-b8f4-5b53e164f165",
  "endpoint_config_json" : {
    "type" : "jsonb",
    "value" : "{\"crossRef\": [], \"services\": [], \"multistep\": [], \"operations\": []}",
    "null" : false
  },
  "input_config_json" : {
    "type" : "jsonb",
    "value" : "{\"crossRef\": [], \"services\": [], \"multistep\": [], \"operations\": [{\"map\": {\"id\": \"3ee587fd-f90a-4c0e-97a7-14ae8e754a67\", \"root\": false, \"type\": \"setValue\", \"cached\": false, \"target\": \"/OpenAIChatInput/messages[]/text\", \"mapNull\": false, \"disabled\": false, \"extractXml\": false, \"extractJson\": false, \"targetOrder\": 5.0, \"targetValue\": \"A contact in the following industry:%{/GetEnhancedContactInput/GetSFDCContactByIdOutput/response/records[]/Account_Industry}%, had the following recent Activity: %{/GetEnhancedContactInput/GetSFDCContactByIdOutput/response/records[]/Description}%\\n\\nGenerate enriched insights, outreach recommendations, and next steps\", \"mapEmptyString\": false, \"targetJavaType\": \"java.lang.String\", \"variableSubstitution\": true}}, {\"map\": {\"id\": \"05e1178c-4f4f-4bd4-a9ca-3701c186346b\", \"root\": false, \"type\": \"setValue\", \"cached\": false, \"target\": \"/OpenAIChatInput/prompt/text\", \"mapNull\": false, \"disabled\": false, \"extractXml\": false, \"extractJson\": false, \"targetOrder\": 3.0, \"targetValue\": \"You are an AI-powered sales assistant. Your task is to generate enriched contact insights in a fixed JSON format as specified by the EnhancedContactPlan JSON schema\", \"mapEmptyString\": false, \"targetJavaType\": \"java.lang.String\", \"variableSubstitution\": false}}, {\"map\": {\"id\": \"fe9acc53-c48b-477e-9cf1-83b1bf06831e\", \"root\": false, \"type\": \"setValue\", \"cached\": false, \"target\": \"/OpenAIChatInput/responseFormat/name\", \"mapNull\": false, \"disabled\": false, \"extractXml\": false, \"extractJson\": false, \"targetOrder\": 8.0, \"targetValue\": \"EnhancedContactPlan\", \"mapEmptyString\": false, \"targetJavaType\": \"java.lang.String\", \"variableSubstitution\": false}}, {\"map\": {\"id\": \"43742eb7-d0d4-4a53-87c9-16b7b7fc9948\", \"root\": false, \"type\": \"setValue\", \"cached\": false, \"target\": \"/OpenAIChatInput/messages[]/type\", \"mapNull\": false, \"disabled\": false, \"extractXml\": false, \"extractJson\": false, \"targetOrder\": 6.0, \"targetValue\": \"USER\", \"mapEmptyString\": false, \"targetJavaType\": \"java.lang.String\", \"variableSubstitution\": false}}, {\"map\": {\"id\": \"1ca1ea34-d870-4475-92fd-02509d8a23f8\", \"root\": false, \"type\": \"setValue\", \"cached\": false, \"target\": \"/OpenAIChatInput/responseFormat/jsonSchema\", \"mapNull\": false, \"disabled\": false, \"extractXml\": false, \"extractJson\": false, \"targetOrder\": 9.0, \"targetValue\": \"{\\n  \\\"$schema\\\": \\\"https://json-schema.org/draft/2020-12/schema\\\",\\n  \\\"$id\\\": \\\"https://example.com/schemas/contact-insights-recommendations.schema.json\\\",\\n  \\\"title\\\": \\\"Contact Insights & Recommendations\\\",\\n  \\\"type\\\": \\\"object\\\",\\n  \\\"additionalProperties\\\": false,\\n  \\\"required\\\": [\\\"contact\\\", \\\"insights\\\", \\\"recommendations\\\"],\\n  \\\"properties\\\": {\\n    \\\"insights\\\": {\\n      \\\"type\\\": \\\"object\\\",\\n      \\\"additionalProperties\\\": false,\\n      \\\"required\\\": [\\\"personalized_outreach\\\", \\\"industry_summary\\\", \\\"talking_points\\\", \\\"sentiment_score\\\", \\\"churn_risk\\\"],\\n      \\\"properties\\\": {\\n        \\\"personalized_outreach\\\": { \\\"type\\\": \\\"string\\\" },\\n        \\\"industry_summary\\\": { \\\"type\\\": \\\"string\\\" },\\n        \\\"talking_points\\\": {\\n          \\\"type\\\": \\\"array\\\",\\n          \\\"items\\\": { \\\"type\\\": \\\"string\\\" }\\n        },\\n        \\\"sentiment_score\\\": {\\n          \\\"type\\\": \\\"integer\\\",\\n          \\\"minimum\\\": 0,\\n          \\\"maximum\\\": 10\\n        },\\n        \\\"churn_risk\\\": { \\\"type\\\": \\\"string\\\" }\\n      }\\n    },\\n    \\\"recommendations\\\": {\\n      \\\"type\\\": \\\"object\\\",\\n      \\\"additionalProperties\\\": false,\\n      \\\"required\\\": [\\\"next_steps\\\"],\\n      \\\"properties\\\": {\\n        \\\"next_steps\\\": {\\n          \\\"type\\\": \\\"array\\\",\\n          \\\"items\\\": { \\\"type\\\": \\\"string\\\" }\\n        }\\n      }\\n    }\\n  }\\n}\\n\", \"mapEmptyString\": false, \"targetJavaType\": \"java.lang.String\", \"variableSubstitution\": false}}]}",
    "null" : false
  },
  "output_config_json" : {
    "type" : "jsonb",
    "value" : "{\"crossRef\": [], \"services\": [], \"multistep\": [], \"operations\": [{\"map\": {\"id\": \"a60fb425-b02b-4909-a50f-df3a7252e808\", \"root\": true, \"type\": \"map\", \"cached\": false, \"source\": \"/OpenAIChatOutput\", \"target\": \"/OpenAIChatOutput\", \"mapNull\": false, \"disabled\": false, \"extractXml\": false, \"extractJson\": false, \"mapEmptyString\": false}}]}",
    "null" : false
  },
  "component_id" : "c5688c58-a3aa-4e09-9e22-a3b14ba7363c",
  "service_id" : "aa8a0812-f9a7-49a6-85d1-7200e00d06fe",
  "endpoint_id" : "9f4c3719-f7f2-4bd1-9111-d66c2e7baff7",
  "parent_component_config_id" : null,
  "component_config_order" : 2.5,
  "action_id" : "ef6f9428-cee3-4d4c-a6e3-321c649732ea",
  "name" : "Get Enhanced Customer from OpenAI API",
  "description" : "",
  "override_endpoint" : false,
  "input_structure_json" : {
    "type" : "jsonb",
    "value" : "{\"maps\": [{\"/OpenAIChatInput/messages[]/text\": [{\"type\": \"setValue\", \"target\": {\"path\": \"/OpenAIChatInput/messages[]/text\", \"order\": 5, \"title\": \"text\", \"dataElementType\": \"string\"}, \"values\": [{\"id\": \"2613adff-ab53-4ae4-ba84-607b28cf86f8\", \"key\": \"/OpenAIChatInput/messages[]/text\", \"type\": \"string\", \"order\": 5, \"title\": \"text\", \"isLeaf\": true, \"setValue\": null, \"uiElement\": \"A contact in the following industry:<input _ngcontent-ng-c393407261=\\\"\\\" class=\\\"chip\\\" title=\\\"/GetEnhancedContactInput/GetSFDCContactByIdOutput/response/records[]/Account_Industry\\\" readonly=\\\"true\\\" disabled=\\\"true\\\" type=\\\"button\\\" value=\\\"Account_Industry\\\">, had the following recent Activity: <input _ngcontent-ng-c393407261=\\\"\\\" class=\\\"chip\\\" title=\\\"/GetEnhancedContactInput/GetSFDCContactByIdOutput/response/records[]/Description\\\" readonly=\\\"true\\\" disabled=\\\"true\\\" type=\\\"button\\\" value=\\\"Description\\\"><br><br>Generate enriched insights, outreach recommendations, and next steps\", \"isSetValue\": false, \"childrenSet\": false, \"hasChildren\": false, \"dataElementType\": \"string\", \"allRequiredNodes\": [\"/OpenAIChatInput/messages[]/text\"], \"encryption_required\": false}], \"mapCondition\": {\"isConditionSet\": false, \"sourceTreeIndex\": [], \"targetTreeIndex\": [{\"key\": 1, \"title\": \"OpenAIChatInput\", \"isLeaf\": false, \"isArray\": false, \"children\": [{\"key\": 2, \"title\": \"messages\", \"isLeaf\": false, \"isArray\": true, \"children\": [{\"key\": 3, \"title\": \"text\", \"isLeaf\": false, \"isArray\": false, \"parentKey\": 2}], \"parentKey\": 1, \"arrayIndex\": null}], \"parentKey\": 0}], \"mapConditionFormValue\": {}}, \"variableSubstitution\": true, \"overwritePipelineValue\": false}]}, {\"/OpenAIChatInput/prompt/text\": [{\"type\": \"setValue\", \"target\": {\"path\": \"/OpenAIChatInput/prompt/text\", \"order\": 3, \"title\": \"text\", \"dataElementType\": \"string\"}, \"values\": [{\"id\": \"1ce82c3c-9876-4e9b-98c8-0f3dbf18d2fa\", \"key\": \"/OpenAIChatInput/prompt/text\", \"type\": \"string\", \"order\": 3, \"title\": \"text\", \"isLeaf\": true, \"setValue\": null, \"uiElement\": \"You are an AI-powered sales assistant. Your task is to generate enriched contact insights in a fixed JSON format as specified by the EnhancedContactPlan JSON schema\", \"isSetValue\": false, \"childrenSet\": false, \"hasChildren\": false, \"dataElementType\": \"string\", \"allRequiredNodes\": [\"/OpenAIChatInput/prompt/text\"], \"encryption_required\": false}], \"mapCondition\": {\"isConditionSet\": false, \"sourceTreeIndex\": [], \"targetTreeIndex\": [], \"mapConditionFormValue\": {}}, \"variableSubstitution\": false, \"overwritePipelineValue\": false}]}, {\"/OpenAIChatInput/responseFormat/name\": [{\"type\": \"setValue\", \"target\": {\"path\": \"/OpenAIChatInput/responseFormat/name\", \"order\": 8, \"title\": \"name\", \"dataElementType\": \"string\"}, \"values\": [{\"id\": \"ebcf526c-3c2d-4a0f-9af0-c59ffd12d380\", \"key\": \"/OpenAIChatInput/responseFormat/name\", \"type\": \"string\", \"order\": 8, \"title\": \"name\", \"isLeaf\": true, \"setValue\": null, \"uiElement\": \"EnhancedContactPlan\", \"isSetValue\": false, \"childrenSet\": false, \"hasChildren\": false, \"dataElementType\": \"string\", \"encryption_required\": false}], \"mapCondition\": {\"isConditionSet\": false, \"sourceTreeIndex\": [], \"targetTreeIndex\": [], \"mapConditionFormValue\": {}}, \"variableSubstitution\": false, \"overwritePipelineValue\": false}]}, {\"/OpenAIChatInput/messages[]/type\": [{\"type\": \"setValue\", \"target\": {\"path\": \"/OpenAIChatInput/messages[]/type\", \"order\": 6, \"title\": \"type\", \"dataElementType\": \"string\"}, \"values\": [{\"id\": \"b6ad89dc-0be4-462d-a2c7-dc8a9fa5de69\", \"key\": \"/OpenAIChatInput/messages[]/type\", \"type\": \"string\", \"order\": 6, \"title\": \"type\", \"isLeaf\": true, \"setValue\": \"USER\", \"isSetValue\": false, \"childrenSet\": false, \"hasChildren\": false, \"dataElementType\": \"string\", \"encryption_required\": false}], \"mapCondition\": {\"isConditionSet\": false, \"sourceTreeIndex\": [], \"targetTreeIndex\": [{\"key\": 1, \"title\": \"OpenAIChatInput\", \"isLeaf\": false, \"isArray\": false, \"children\": [{\"key\": 2, \"title\": \"messages\", \"isLeaf\": false, \"isArray\": true, \"children\": [{\"key\": 3, \"title\": \"type\", \"isLeaf\": false, \"isArray\": false, \"parentKey\": 2}], \"parentKey\": 1, \"arrayIndex\": null}], \"parentKey\": 0}], \"mapConditionFormValue\": {}}, \"variableSubstitution\": false, \"overwritePipelineValue\": false}]}, {\"/OpenAIChatInput/responseFormat/jsonSchema\": [{\"type\": \"setValue\", \"target\": {\"path\": \"/OpenAIChatInput/responseFormat/jsonSchema\", \"order\": 9, \"title\": \"jsonSchema\", \"dataElementType\": \"string\"}, \"values\": [{\"id\": \"3facf34e-0da3-43fb-af5f-d8a24cb2f5b6\", \"key\": \"/OpenAIChatInput/responseFormat/jsonSchema\", \"type\": \"string\", \"order\": 9, \"title\": \"jsonSchema\", \"isLeaf\": true, \"setValue\": null, \"uiElement\": \"{\\n  \\\"$schema\\\": \\\"https://json-schema.org/draft/2020-12/schema\\\",\\n  \\\"$id\\\": \\\"https://example.com/schemas/contact-insights-recommendations.schema.json\\\",\\n  \\\"title\\\": \\\"Contact Insights &amp; Recommendations\\\",\\n  \\\"type\\\": \\\"object\\\",\\n  \\\"additionalProperties\\\": false,\\n  \\\"required\\\": [\\\"contact\\\", \\\"insights\\\", \\\"recommendations\\\"],\\n  \\\"properties\\\": {\\n    \\\"insights\\\": {\\n      \\\"type\\\": \\\"object\\\",\\n      \\\"additionalProperties\\\": false,\\n      \\\"required\\\": [\\\"personalized_outreach\\\", \\\"industry_summary\\\", \\\"talking_points\\\", \\\"sentiment_score\\\", \\\"churn_risk\\\"],\\n      \\\"properties\\\": {\\n        \\\"personalized_outreach\\\": { \\\"type\\\": \\\"string\\\" },\\n        \\\"industry_summary\\\": { \\\"type\\\": \\\"string\\\" },\\n        \\\"talking_points\\\": {\\n          \\\"type\\\": \\\"array\\\",\\n          \\\"items\\\": { \\\"type\\\": \\\"string\\\" }\\n        },\\n        \\\"sentiment_score\\\": {\\n          \\\"type\\\": \\\"integer\\\",\\n          \\\"minimum\\\": 0,\\n          \\\"maximum\\\": 10\\n        },\\n        \\\"churn_risk\\\": { \\\"type\\\": \\\"string\\\" }\\n      }\\n    },\\n    \\\"recommendations\\\": {\\n      \\\"type\\\": \\\"object\\\",\\n      \\\"additionalProperties\\\": false,\\n      \\\"required\\\": [\\\"next_steps\\\"],\\n      \\\"properties\\\": {\\n        \\\"next_steps\\\": {\\n          \\\"type\\\": \\\"array\\\",\\n          \\\"items\\\": { \\\"type\\\": \\\"string\\\" }\\n        }\\n      }\\n    }\\n  }\\n}\\n\", \"isSetValue\": false, \"childrenSet\": false, \"hasChildren\": false, \"dataElementType\": \"string\", \"encryption_required\": false}], \"mapCondition\": {\"isConditionSet\": false, \"sourceTreeIndex\": [], \"targetTreeIndex\": [], \"mapConditionFormValue\": {}}, \"variableSubstitution\": false, \"overwritePipelineValue\": false}]}], \"mappedNodes\": [\"/OpenAIChatInput/messages[]/text actionIn\", \"/OpenAIChatInput/prompt/text actionIn\", \"/OpenAIChatInput/prompt actionIn\", \"/OpenAIChatInput/messages[]/type actionIn\", \"/OpenAIChatInput/prompt actionIn\", \"/OpenAIChatInput/prompt/text actionIn\", \"/OpenAIChatInput/prompt actionIn\", \"/OpenAIChatInput/responseFormat/name actionIn\", \"/OpenAIChatInput/responseFormat actionIn\", \"/OpenAIChatInput/prompt/text actionIn\", \"/OpenAIChatInput/prompt actionIn\", \"/OpenAIChatInput/messages[]/text actionIn\", \"/OpenAIChatInput/prompt actionIn\", \"/OpenAIChatInput/responseFormat actionIn\", \"/OpenAIChatInput/messages[]/text actionIn\", \"/OpenAIChatInput/messages[]/type actionIn\", \"/OpenAIChatInput/messages[]/type actionIn\", \"/OpenAIChatInput/messages[] actionIn\", \"/OpenAIChatInput actionIn\", \"/OpenAIChatInput/responseFormat/jsonSchema actionIn\", \"/OpenAIChatInput/responseFormat actionIn\", \"/OpenAIChatInput actionIn\", \"/OpenAIChatInput/messages[] actionIn\", \"/OpenAIChatInput actionIn\", \"/OpenAIChatInput/prompt actionIn\", \"/OpenAIChatInput actionIn\", \"/OpenAIChatInput/responseFormat actionIn\", \"/OpenAIChatInput actionIn\", \"/OpenAIChatInput/messages[] actionIn\", \"/OpenAIChatInput actionIn\", \"/OpenAIChatInput/responseFormat actionIn\", \"/OpenAIChatInput actionIn\", \"/OpenAIChatInput/responseFormat/jsonSchema actionIn\", \"/OpenAIChatInput/responseFormat actionIn\", \"/OpenAIChatInput actionIn\", \"/OpenAIChatInput/messages[] actionIn\", \"/OpenAIChatInput actionIn\", \"/OpenAIChatInput/prompt actionIn\", \"/OpenAIChatInput actionIn\", \"/OpenAIChatInput/responseFormat actionIn\", \"/OpenAIChatInput actionIn\", \"/OpenAIChatInput/messages[] actionIn\", \"/OpenAIChatInput actionIn\", \"/OpenAIChatInput/responseFormat actionIn\", \"/OpenAIChatInput actionIn\", \"/OpenAIChatInput/messages[]/text actionIn\", \"/OpenAIChatInput/messages[] actionIn\", \"/OpenAIChatInput actionIn\", \"/OpenAIChatInput/messages[] actionIn\", \"/OpenAIChatInput actionIn\", \"/OpenAIChatInput/prompt actionIn\", \"/OpenAIChatInput actionIn\", \"/OpenAIChatInput/responseFormat actionIn\", \"/OpenAIChatInput actionIn\", \"/OpenAIChatInput/messages[] actionIn\", \"/OpenAIChatInput actionIn\", \"/OpenAIChatInput/responseFormat actionIn\", \"/OpenAIChatInput actionIn\", \"/OpenAIChatInput/responseFormat/jsonSchema actionIn\", \"/OpenAIChatInput/responseFormat actionIn\", \"/OpenAIChatInput actionIn\", \"/OpenAIChatInput/messages[]/text actionIn\", \"/OpenAIChatInput/messages[] actionIn\", \"/OpenAIChatInput actionIn\", \"/OpenAIChatInput/messages[] actionIn\", \"/OpenAIChatInput actionIn\", \"/OpenAIChatInput/prompt actionIn\", \"/OpenAIChatInput actionIn\", \"/OpenAIChatInput/responseFormat actionIn\", \"/OpenAIChatInput actionIn\", \"/OpenAIChatInput/messages[] actionIn\", \"/OpenAIChatInput actionIn\", \"/OpenAIChatInput/responseFormat actionIn\", \"/OpenAIChatInput actionIn\", \"/OpenAIChatInput/messages[] actionIn\", \"/OpenAIChatInput actionIn\", \"/OpenAIChatInput/prompt actionIn\", \"/OpenAIChatInput actionIn\", \"/OpenAIChatInput/responseFormat actionIn\", \"/OpenAIChatInput actionIn\", \"/OpenAIChatInput/messages[] actionIn\", \"/OpenAIChatInput actionIn\", \"/OpenAIChatInput/responseFormat actionIn\", \"/OpenAIChatInput actionIn\", \"/OpenAIChatInput/messages[] actionIn\", \"/OpenAIChatInput actionIn\", \"/OpenAIChatInput/prompt actionIn\", \"/OpenAIChatInput actionIn\", \"/OpenAIChatInput/responseFormat actionIn\", \"/OpenAIChatInput actionIn\", \"/OpenAIChatInput/messages[] actionIn\", \"/OpenAIChatInput actionIn\", \"/OpenAIChatInput/responseFormat actionIn\", \"/OpenAIChatInput actionIn\", \"/OpenAIChatInput/messages[]/text actionIn\", \"/OpenAIChatInput/messages[] actionIn\", \"/OpenAIChatInput actionIn\", \"/OpenAIChatInput/messages[] actionIn\", \"/OpenAIChatInput actionIn\", \"/OpenAIChatInput/prompt actionIn\", \"/OpenAIChatInput actionIn\", \"/OpenAIChatInput/responseFormat actionIn\", \"/OpenAIChatInput actionIn\", \"/OpenAIChatInput/messages[] actionIn\", \"/OpenAIChatInput actionIn\", \"/OpenAIChatInput/responseFormat actionIn\", \"/OpenAIChatInput actionIn\", \"/OpenAIChatInput/messages[]/text actionIn\", \"/OpenAIChatInput/messages[] actionIn\", \"/OpenAIChatInput actionIn\", \"/OpenAIChatInput/messages[] actionIn\", \"/OpenAIChatInput actionIn\", \"/OpenAIChatInput/prompt actionIn\", \"/OpenAIChatInput actionIn\", \"/OpenAIChatInput/responseFormat actionIn\", \"/OpenAIChatInput actionIn\", \"/OpenAIChatInput/messages[] actionIn\", \"/OpenAIChatInput actionIn\", \"/OpenAIChatInput/responseFormat actionIn\", \"/OpenAIChatInput actionIn\", \"/OpenAIChatInput/messages[] actionIn\", \"/OpenAIChatInput actionIn\", \"/OpenAIChatInput/prompt actionIn\", \"/OpenAIChatInput actionIn\", \"/OpenAIChatInput/responseFormat actionIn\", \"/OpenAIChatInput actionIn\", \"/OpenAIChatInput/messages[] actionIn\", \"/OpenAIChatInput actionIn\", \"/OpenAIChatInput/responseFormat actionIn\", \"/OpenAIChatInput actionIn\"]}",
    "null" : false
  },
  "output_structure_json" : {
    "type" : "jsonb",
    "value" : "{\"maps\": [{\"/OpenAIChatOutput\": [{\"type\": \"map\", \"source\": {\"path\": \"/OpenAIChatOutput\", \"title\": \"OpenAIChatOutput\", \"dataElementType\": \"document\"}, \"target\": {\"path\": \"/OpenAIChatOutput\", \"alias\": null, \"order\": null, \"title\": \"OpenAIChatOutput\", \"dataElementType\": \"document\"}, \"mapCondition\": {\"mapNull\": null, \"defaultValue\": null, \"isConditionSet\": false, \"mapEmptyString\": null, \"sourceTreeIndex\": [], \"targetTreeIndex\": [], \"mapConditionFormValue\": {\"fields\": null}}}]}], \"tracks\": {}, \"transformer\": []}",
    "null" : false
  },
  "endpoint_structure_json" : {
    "type" : "jsonb",
    "value" : "{\"maps\": []}",
    "null" : false
  },
  "is_error" : false,
  "no_of_errors" : 0,
  "action_input_type" : null,
  "config_service_id" : null,
  "config_imap_id" : null,
  "config_b2b_document_type_id" : null,
  "config_document_id" : null,
  "add_variables" : {
    "type" : "jsonb",
    "value" : "[]",
    "null" : false
  },
  "drop_variables" : {
    "type" : "jsonb",
    "value" : "[]",
    "null" : false
  },
  "plug_input_structure" : null,
  "plug_output_structure" : null,
  "config_plug_id" : null,
  "override_plug" : false,
  "config_java_service_id" : null,
  "service_tag" : "V15",
  "endpoint_tag" : "EMPTY",
  "config_service_tag" : "",
  "config_imap_tag" : "",
  "config_b2b_document_type_tag" : "",
  "active" : false,
  "parent_component_config_service_tag" : "V15",
  "service_project_id" : "4351d04d-3ddb-4089-844f-4e359c33e4e0",
  "service_project_tag" : "V15",
  "config_service_project_id" : null,
  "config_service_project_tag" : "",
  "config_imap_project_id" : null,
  "config_imap_project_tag" : "",
  "config_b2b_document_type_project_id" : null,
  "config_b2b_document_type_project_tag" : "",
  "endpoint_project_id" : "4351d04d-3ddb-4089-844f-4e359c33e4e0",
  "endpoint_project_tag" : "EMPTY",
  "config_plug_tag" : null,
  "config_plug_project_id" : null,
  "config_plug_project_tag" : null,
  "config_java_service_tag" : "",
  "config_java_service_project_id" : null,
  "config_java_service_project_tag" : "",
  "disabled" : false,
  "config" : null,
  "config_b2b_document_type_project_mode_id" : "112c1cb8-4b9e-4d1a-a042-0bd031dc7d05",
  "config_imap_project_mode_id" : "112c1cb8-4b9e-4d1a-a042-0bd031dc7d05",
  "config_java_service_project_mode_id" : "112c1cb8-4b9e-4d1a-a042-0bd031dc7d05",
  "config_plug_project_mode_id" : "112c1cb8-4b9e-4d1a-a042-0bd031dc7d05",
  "config_service_project_mode_id" : "112c1cb8-4b9e-4d1a-a042-0bd031dc7d05",
  "endpoint_project_mode_id" : "112c1cb8-4b9e-4d1a-a042-0bd031dc7d05",
  "service_project_mode_id" : "112c1cb8-4b9e-4d1a-a042-0bd031dc7d05",
  "parent_component_config_service_project_mode_id" : "112c1cb8-4b9e-4d1a-a042-0bd031dc7d05",
  "is_audit" : true,
  "keys_with_order" : null
}