{
  "component_config_id" : "da2d9989-f5ba-48ab-95d6-a9b5b570aa74",
  "endpoint_config_json" : {
    "type" : "jsonb",
    "value" : "{\"crossRef\": [], \"services\": [], \"multistep\": [], \"operations\": []}",
    "null" : false
  },
  "input_config_json" : {
    "type" : "jsonb",
    "value" : "{\"crossRef\": [], \"services\": [], \"multistep\": [], \"operations\": [{\"map\": {\"id\": \"4b19eac0-c271-4006-bff4-c87966c166ac\", \"root\": false, \"type\": \"map\", \"cached\": false, \"source\": \"/GetContactPlanByContactId-ServiceInput/contactId\", \"target\": \"/GetSFDCContactByIdInput/where/where_Id\", \"mapNull\": false, \"disabled\": false, \"extractXml\": false, \"extractJson\": false, \"targetOrder\": 3.0, \"mapEmptyString\": false, \"sourceJavaType\": \"java.lang.String\", \"targetJavaType\": \"java.lang.String\"}}]}",
    "null" : false
  },
  "output_config_json" : {
    "type" : "jsonb",
    "value" : "{\"crossRef\": [], \"services\": [], \"multistep\": [], \"operations\": [{\"map\": {\"id\": \"54bea8b8-e370-4a7a-a269-0e1b35361e5d\", \"root\": true, \"type\": \"map\", \"cached\": false, \"source\": \"/GetSFDCContactByIdOutput\", \"target\": \"/GetSFDCContactByIdOutput\", \"mapNull\": false, \"disabled\": false, \"extractXml\": false, \"extractJson\": false, \"targetOrder\": 1.0, \"mapEmptyString\": false}}]}",
    "null" : false
  },
  "component_id" : "f9e692b6-2d3f-4aa8-be08-38ccc97babd0",
  "service_id" : "19a7916d-c36a-4412-8ddd-4cf9e943eebd",
  "endpoint_id" : "c59ff3bd-e4a1-4393-a2e8-e5eb5b8687ef",
  "parent_component_config_id" : "a840a94b-5574-4e3e-aa25-50fb5c5b277d",
  "component_config_order" : 1.0,
  "action_id" : "33fcf5be-a5ef-444a-af71-5cb5d0eaec92",
  "name" : "Get SFDC Contact By ID",
  "description" : "",
  "override_endpoint" : false,
  "input_structure_json" : {
    "type" : "jsonb",
    "value" : "{\"maps\": [{\"/GetSFDCContactByIdInput/where/where_Id\": [{\"type\": \"map\", \"source\": {\"path\": \"/GetContactPlanByContactId-ServiceInput/contactId\", \"title\": \"contactId\", \"dataElementType\": \"string\"}, \"target\": {\"path\": \"/GetSFDCContactByIdInput/where/where_Id\", \"order\": 3, \"title\": \"Id\", \"dataElementType\": \"string\"}, \"mapCondition\": {\"isConditionSet\": false, \"sourceTreeIndex\": [], \"targetTreeIndex\": [], \"mapConditionFormValue\": {}}}]}], \"mappedNodes\": [\"/GetSFDCContactByIdOutputactionOut\", \"/GetSFDCContactByIdOutputpipeOut\", \"/GetContactPlanByContactId-ServiceInput/contactId pipeIn\", \"/GetSFDCContactByIdInput/where/where_Id actionIn\"]}",
    "null" : false
  },
  "output_structure_json" : {
    "type" : "jsonb",
    "value" : "{\"maps\": [{\"/GetSFDCContactByIdOutput\": [{\"type\": \"map\", \"source\": {\"path\": \"/GetSFDCContactByIdOutput\", \"title\": \"GetSFDCContactByIdOutput\", \"dataElementType\": \"document\"}, \"target\": {\"path\": \"/GetSFDCContactByIdOutput\", \"order\": 1, \"title\": \"GetSFDCContactByIdOutput\", \"dataElementType\": \"document\"}, \"mapCondition\": {\"isConditionSet\": false, \"sourceTreeIndex\": [], \"targetTreeIndex\": [], \"mapConditionFormValue\": {}}}]}], \"tracks\": {}, \"transformer\": []}",
    "null" : false
  },
  "endpoint_structure_json" : {
    "type" : "jsonb",
    "value" : "{\"maps\": []}",
    "null" : false
  },
  "is_error" : false,
  "no_of_errors" : 0,
  "action_input_type" : null,
  "config_service_id" : null,
  "config_imap_id" : null,
  "config_b2b_document_type_id" : null,
  "config_document_id" : null,
  "add_variables" : {
    "type" : "jsonb",
    "value" : "[]",
    "null" : false
  },
  "drop_variables" : {
    "type" : "jsonb",
    "value" : "[]",
    "null" : false
  },
  "plug_input_structure" : null,
  "plug_output_structure" : null,
  "config_plug_id" : "4130a2e0-d219-4a49-8af0-98e4570c0f04",
  "override_plug" : false,
  "config_java_service_id" : null,
  "service_tag" : "V15",
  "endpoint_tag" : "EMPTY",
  "config_service_tag" : "",
  "config_imap_tag" : "",
  "config_b2b_document_type_tag" : "",
  "active" : false,
  "parent_component_config_service_tag" : "V15",
  "service_project_id" : "4351d04d-3ddb-4089-844f-4e359c33e4e0",
  "service_project_tag" : "V15",
  "config_service_project_id" : null,
  "config_service_project_tag" : "",
  "config_imap_project_id" : null,
  "config_imap_project_tag" : "",
  "config_b2b_document_type_project_id" : null,
  "config_b2b_document_type_project_tag" : "",
  "endpoint_project_id" : "4351d04d-3ddb-4089-844f-4e359c33e4e0",
  "endpoint_project_tag" : "EMPTY",
  "config_plug_tag" : "EMPTY",
  "config_plug_project_id" : "4351d04d-3ddb-4089-844f-4e359c33e4e0",
  "config_plug_project_tag" : "EMPTY",
  "config_java_service_tag" : "",
  "config_java_service_project_id" : null,
  "config_java_service_project_tag" : "",
  "disabled" : false,
  "config" : {
    "type" : "json",
    "value" : "{\"objectId\":null,\"version\":null,\"objectApiId\":null}",
    "null" : false
  },
  "config_b2b_document_type_project_mode_id" : "112c1cb8-4b9e-4d1a-a042-0bd031dc7d05",
  "config_imap_project_mode_id" : "112c1cb8-4b9e-4d1a-a042-0bd031dc7d05",
  "config_java_service_project_mode_id" : "112c1cb8-4b9e-4d1a-a042-0bd031dc7d05",
  "config_plug_project_mode_id" : "112c1cb8-4b9e-4d1a-a042-0bd031dc7d05",
  "config_service_project_mode_id" : "112c1cb8-4b9e-4d1a-a042-0bd031dc7d05",
  "endpoint_project_mode_id" : "112c1cb8-4b9e-4d1a-a042-0bd031dc7d05",
  "service_project_mode_id" : "112c1cb8-4b9e-4d1a-a042-0bd031dc7d05",
  "parent_component_config_service_project_mode_id" : "112c1cb8-4b9e-4d1a-a042-0bd031dc7d05",
  "is_audit" : true,
  "keys_with_order" : null
}