{
  "id" : "4351d04d-3ddb-4089-844f-4e359c33e4e0",
  "name" : "FusionContactPlanMCP",
  "createdOn" : "2025-10-27T15:11:05.652",
  "modifiedOn" : "2025-11-07T23:23:18.105",
  "createdBy" : "fbe89da3-e0bb-4982-bd59-d46f52883257",
  "modifiedBy" : "fbe89da3-e0bb-4982-bd59-d46f52883257",
  "projectDescription" : null,
  "active" : false,
  "tag" : "V15",
  "comment" : "removed unused service",
  "baseTag" : "V14",
  "modeId" : "112c1cb8-4b9e-4d1a-a042-0bd031dc7d05",
  "deployedOn" : null,
  "details" : null,
  "projectType" : "Fusion"
}