{
  "id" : "6394fb9a-1de6-4fba-b4b6-89e06b8ce00f",
  "name" : "GetAllSFDCContacts",
  "component_id" : "f9e692b6-2d3f-4aa8-be08-38ccc97babd0",
  "endpoint_id" : "c59ff3bd-e4a1-4393-a2e8-e5eb5b8687ef",
  "action_id" : "acc3e0a8-5a55-4b14-b1b8-2d9604bbe31f",
  "structure_json" : {
    "type" : "jsonb",
    "value" : "{\"batch\": false, \"count\": null, \"joins\": [], \"limit\": null, \"nulls\": \"\", \"where\": {\"predicates\": []}, \"action\": \"QueryAll\", \"entity\": \"{\\\"name\\\":\\\"Contact\\\",\\\"label\\\":\\\"Contact\\\",\\\"hasChildren\\\":false,\\\"mainEntity\\\":false,\\\"displayName\\\":\\\"Objects\\\"}\", \"uiConfig\": {\"keys\": [\"Id\", \"Name\", \"Phone\", \"Email\", \"Title\", \"Department\", \"Description\", \"AccountId.Name\", \"AccountId\"], \"limit\": true, \"where\": true, \"orderBy\": true, \"inputKeys\": [], \"operators\": {\"where\": [\"=\", \"!=\", \">\", \"<\", \">=\", \"<=\", \"IS NOT NULL\", \"IS NULL\", \"BETWEEN\", \"IN\", \"NOT IN\", \"LIKE\"]}, \"skippable\": false, \"supportJoin\": false, \"disableFields\": false, \"metadataKeyName\": \"projections\", \"selectedTableList\": [], \"batchConfiguration\": {\"skippable\": false, \"maxBatchSize\": 0, \"batchSupported\": false}, \"includeReferenceFields\": true, \"supportsExternalFields\": false, \"supportsReferenceFields\": false}, \"allOrNone\": false, \"inputKeys\": [], \"inputFields\": {}, \"projections\": [{\"name\": \"Id\", \"path\": \"Id\", \"type\": \"string\", \"label\": \"Id\", \"checked\": true, \"readonly\": false, \"required\": false, \"soap_type\": \"ID\", \"columnIndex\": 0, \"hasChildren\": false, \"indeterminate\": false, \"inputCategory\": false, \"dataElementPath\": \"Id\", \"picklist_values\": []}, {\"name\": \"Name\", \"path\": \"Name\", \"type\": \"string\", \"label\": \"Name\", \"checked\": true, \"readonly\": false, \"required\": false, \"soap_type\": \"string\", \"columnIndex\": 0, \"hasChildren\": false, \"indeterminate\": false, \"inputCategory\": false, \"dataElementPath\": \"Name\", \"picklist_values\": []}, {\"name\": \"Phone\", \"path\": \"Phone\", \"type\": \"string\", \"label\": \"Phone\", \"checked\": true, \"readonly\": false, \"required\": false, \"soap_type\": \"string\", \"columnIndex\": 0, \"hasChildren\": false, \"indeterminate\": false, \"inputCategory\": false, \"dataElementPath\": \"Phone\", \"picklist_values\": []}, {\"name\": \"Email\", \"path\": \"Email\", \"type\": \"string\", \"label\": \"Email\", \"checked\": true, \"readonly\": false, \"required\": false, \"soap_type\": \"string\", \"columnIndex\": 0, \"hasChildren\": false, \"indeterminate\": false, \"inputCategory\": false, \"dataElementPath\": \"Email\", \"picklist_values\": []}, {\"name\": \"Title\", \"path\": \"Title\", \"type\": \"string\", \"label\": \"Title\", \"checked\": true, \"readonly\": false, \"required\": false, \"soap_type\": \"string\", \"columnIndex\": 0, \"hasChildren\": false, \"indeterminate\": false, \"inputCategory\": false, \"dataElementPath\": \"Title\", \"picklist_values\": []}, {\"name\": \"Department\", \"path\": \"Department\", \"type\": \"string\", \"label\": \"Department\", \"checked\": true, \"readonly\": false, \"required\": false, \"soap_type\": \"string\", \"columnIndex\": 0, \"hasChildren\": false, \"indeterminate\": false, \"inputCategory\": false, \"dataElementPath\": \"Department\", \"picklist_values\": []}, {\"name\": \"Description\", \"path\": \"Description\", \"type\": \"string\", \"label\": \"Description\", \"checked\": true, \"readonly\": false, \"required\": false, \"soap_type\": \"string\", \"columnIndex\": 0, \"hasChildren\": false, \"indeterminate\": false, \"inputCategory\": false, \"dataElementPath\": \"Description\", \"picklist_values\": []}, {\"key\": \"Account.AccountId\", \"name\": \"AccountId\", \"path\": \"AccountId\", \"type\": \"string\", \"label\": \"AccountId\", \"checked\": true, \"children\": [{\"key\": \"Account.Name\", \"name\": \"Name\", \"path\": \"AccountId.Name\", \"type\": \"string\", \"label\": \"Name\", \"checked\": true, \"readonly\": false, \"required\": false, \"soap_type\": \"string\", \"columnIndex\": 0, \"hasChildren\": false, \"indeterminate\": false, \"inputCategory\": false, \"picklist_values\": []}], \"readonly\": false, \"required\": false, \"soap_type\": \"ID\", \"columnIndex\": 0, \"hasChildren\": true, \"referenceTo\": \"Account\", \"indeterminate\": false, \"inputCategory\": false, \"picklist_values\": [], \"relationshipName\": \"Account\", \"refObjectExtFields\": [{\"name\": \"Id\", \"type\": \"string\", \"label\": \"Id\", \"checked\": false, \"readonly\": false, \"required\": false, \"soap_type\": \"ID\", \"columnIndex\": 0, \"hasChildren\": false, \"inputCategory\": false}]}], \"externalFields\": [], \"referenceFields\": []}",
    "null" : false
  },
  "config_json" : {
    "type" : "jsonb",
    "value" : "{\"batch\": false, \"count\": null, \"joins\": [], \"limit\": null, \"nulls\": \"\", \"where\": {\"predicates\": []}, \"action\": \"QueryAll\", \"entity\": \"{\\\"name\\\":\\\"Contact\\\",\\\"label\\\":\\\"Contact\\\",\\\"hasChildren\\\":false,\\\"mainEntity\\\":false,\\\"displayName\\\":\\\"Objects\\\"}\", \"uiConfig\": {\"keys\": [\"Id\", \"Name\", \"Phone\", \"Email\", \"Title\", \"Department\", \"Description\", \"AccountId.Name\", \"AccountId\"], \"limit\": true, \"where\": true, \"orderBy\": true, \"inputKeys\": [], \"operators\": {\"where\": [\"=\", \"!=\", \">\", \"<\", \">=\", \"<=\", \"IS NOT NULL\", \"IS NULL\", \"BETWEEN\", \"IN\", \"NOT IN\", \"LIKE\"]}, \"skippable\": false, \"supportJoin\": false, \"disableFields\": false, \"metadataKeyName\": \"projections\", \"selectedTableList\": [], \"batchConfiguration\": {\"skippable\": false, \"maxBatchSize\": 0, \"batchSupported\": false}, \"includeReferenceFields\": true, \"supportsExternalFields\": false, \"supportsReferenceFields\": false}, \"allOrNone\": false, \"inputKeys\": [], \"inputFields\": {}, \"projections\": [{\"name\": \"Id\", \"path\": \"Id\", \"type\": \"string\", \"label\": \"Id\", \"checked\": true, \"readonly\": false, \"required\": false, \"soap_type\": \"ID\", \"columnIndex\": 0, \"hasChildren\": false, \"indeterminate\": false, \"inputCategory\": false, \"dataElementPath\": \"Id\", \"picklist_values\": []}, {\"name\": \"Name\", \"path\": \"Name\", \"type\": \"string\", \"label\": \"Name\", \"checked\": true, \"readonly\": false, \"required\": false, \"soap_type\": \"string\", \"columnIndex\": 0, \"hasChildren\": false, \"indeterminate\": false, \"inputCategory\": false, \"dataElementPath\": \"Name\", \"picklist_values\": []}, {\"name\": \"Phone\", \"path\": \"Phone\", \"type\": \"string\", \"label\": \"Phone\", \"checked\": true, \"readonly\": false, \"required\": false, \"soap_type\": \"string\", \"columnIndex\": 0, \"hasChildren\": false, \"indeterminate\": false, \"inputCategory\": false, \"dataElementPath\": \"Phone\", \"picklist_values\": []}, {\"name\": \"Email\", \"path\": \"Email\", \"type\": \"string\", \"label\": \"Email\", \"checked\": true, \"readonly\": false, \"required\": false, \"soap_type\": \"string\", \"columnIndex\": 0, \"hasChildren\": false, \"indeterminate\": false, \"inputCategory\": false, \"dataElementPath\": \"Email\", \"picklist_values\": []}, {\"name\": \"Title\", \"path\": \"Title\", \"type\": \"string\", \"label\": \"Title\", \"checked\": true, \"readonly\": false, \"required\": false, \"soap_type\": \"string\", \"columnIndex\": 0, \"hasChildren\": false, \"indeterminate\": false, \"inputCategory\": false, \"dataElementPath\": \"Title\", \"picklist_values\": []}, {\"name\": \"Department\", \"path\": \"Department\", \"type\": \"string\", \"label\": \"Department\", \"checked\": true, \"readonly\": false, \"required\": false, \"soap_type\": \"string\", \"columnIndex\": 0, \"hasChildren\": false, \"indeterminate\": false, \"inputCategory\": false, \"dataElementPath\": \"Department\", \"picklist_values\": []}, {\"name\": \"Description\", \"path\": \"Description\", \"type\": \"string\", \"label\": \"Description\", \"checked\": true, \"readonly\": false, \"required\": false, \"soap_type\": \"string\", \"columnIndex\": 0, \"hasChildren\": false, \"indeterminate\": false, \"inputCategory\": false, \"dataElementPath\": \"Description\", \"picklist_values\": []}, {\"key\": \"Account.AccountId\", \"name\": \"AccountId\", \"path\": \"AccountId\", \"type\": \"string\", \"label\": \"AccountId\", \"checked\": true, \"children\": [{\"key\": \"Account.Name\", \"name\": \"Name\", \"path\": \"AccountId.Name\", \"type\": \"string\", \"label\": \"Name\", \"checked\": true, \"readonly\": false, \"required\": false, \"soap_type\": \"string\", \"columnIndex\": 0, \"hasChildren\": false, \"indeterminate\": false, \"inputCategory\": false, \"picklist_values\": []}], \"readonly\": false, \"required\": false, \"soap_type\": \"ID\", \"columnIndex\": 0, \"hasChildren\": true, \"referenceTo\": \"Account\", \"indeterminate\": false, \"inputCategory\": false, \"picklist_values\": [], \"relationshipName\": \"Account\", \"refObjectExtFields\": [{\"name\": \"Id\", \"type\": \"string\", \"label\": \"Id\", \"checked\": false, \"readonly\": false, \"required\": false, \"soap_type\": \"ID\", \"columnIndex\": 0, \"hasChildren\": false, \"inputCategory\": false}]}], \"externalFields\": [], \"referenceFields\": []}",
    "null" : false
  },
  "display_query" : "SELECT Id , Name , Phone , Email , Title , Department , Description , Account.Name FROM Contact ",
  "input_structure" : {
    "type" : "jsonb",
    "value" : "[{\"key\": \"/GetAllSFDCContactsInput\", \"type\": \"object\", \"order\": 1.0, \"title\": \"GetAllSFDCContactsInput\", \"children\": [{\"key\": \"/GetAllSFDCContactsInput/where\", \"type\": \"object\", \"order\": 2.0, \"title\": \"where\", \"value\": {\"type\": \"object\"}, \"children\": [], \"hasChildren\": false, \"dataElementType\": \"document\"}], \"hasChildren\": false, \"dataElementType\": \"document\"}]",
    "null" : false
  },
  "output_structure" : {
    "type" : "jsonb",
    "value" : "[{\"key\": \"/GetAllSFDCContactsOutput\", \"type\": \"object\", \"order\": 1.0, \"title\": \"GetAllSFDCContactsOutput\", \"children\": [{\"key\": \"/GetAllSFDCContactsOutput/success\", \"type\": \"boolean\", \"order\": 2.0, \"title\": \"success\", \"hasChildren\": false, \"dataElementType\": \"boolean\"}, {\"key\": \"/GetAllSFDCContactsOutput/statusCode\", \"type\": \"integer\", \"order\": 3.0, \"title\": \"statusCode\", \"hasChildren\": false, \"dataElementType\": \"integer\"}, {\"key\": \"/GetAllSFDCContactsOutput/response\", \"type\": \"object\", \"order\": 4.0, \"title\": \"response\", \"value\": {\"type\": \"object\"}, \"children\": [{\"key\": \"/GetAllSFDCContactsOutput/response/done\", \"type\": \"boolean\", \"order\": 5.0, \"title\": \"done\", \"value\": {\"type\": \"boolean\"}, \"hasChildren\": false, \"dataElementType\": \"boolean\"}, {\"key\": \"/GetAllSFDCContactsOutput/response/totalSize\", \"type\": \"number\", \"order\": 6.0, \"title\": \"totalSize\", \"value\": {\"type\": \"number\"}, \"hasChildren\": false, \"dataElementType\": \"number\"}, {\"key\": \"/GetAllSFDCContactsOutput/response/nextRecordsUrl\", \"type\": \"string\", \"order\": 7.0, \"title\": \"nextRecordsUrl\", \"value\": {\"type\": \"string\"}, \"hasChildren\": false, \"dataElementType\": \"string\"}, {\"key\": \"/GetAllSFDCContactsOutput/response/records[]\", \"type\": \"array\", \"order\": 8.0, \"title\": \"records\", \"value\": {\"type\": \"array\"}, \"children\": [{\"key\": \"/GetAllSFDCContactsOutput/response/records[]/Id\", \"type\": \"string\", \"order\": 9.0, \"title\": \"Id\", \"value\": {\"type\": \"string\"}, \"hasChildren\": false, \"dataElementType\": \"string\"}, {\"key\": \"/GetAllSFDCContactsOutput/response/records[]/Name\", \"type\": \"string\", \"order\": 10.0, \"title\": \"Name\", \"value\": {\"type\": \"string\"}, \"hasChildren\": false, \"dataElementType\": \"string\"}, {\"key\": \"/GetAllSFDCContactsOutput/response/records[]/Phone\", \"type\": \"string\", \"order\": 11.0, \"title\": \"Phone\", \"value\": {\"type\": \"string\"}, \"hasChildren\": false, \"dataElementType\": \"string\"}, {\"key\": \"/GetAllSFDCContactsOutput/response/records[]/Email\", \"type\": \"string\", \"order\": 12.0, \"title\": \"Email\", \"value\": {\"type\": \"string\"}, \"hasChildren\": false, \"dataElementType\": \"string\"}, {\"key\": \"/GetAllSFDCContactsOutput/response/records[]/Title\", \"type\": \"string\", \"order\": 13.0, \"title\": \"Title\", \"value\": {\"type\": \"string\"}, \"hasChildren\": false, \"dataElementType\": \"string\"}, {\"key\": \"/GetAllSFDCContactsOutput/response/records[]/Department\", \"type\": \"string\", \"order\": 14.0, \"title\": \"Department\", \"value\": {\"type\": \"string\"}, \"hasChildren\": false, \"dataElementType\": \"string\"}, {\"key\": \"/GetAllSFDCContactsOutput/response/records[]/Description\", \"type\": \"string\", \"order\": 15.0, \"title\": \"Description\", \"value\": {\"type\": \"string\"}, \"hasChildren\": false, \"dataElementType\": \"string\"}, {\"key\": \"/GetAllSFDCContactsOutput/response/records[]/Account_Name\", \"type\": \"string\", \"order\": 16.0, \"title\": \"Account_Name\", \"value\": {\"type\": \"string\"}, \"hasChildren\": false, \"dataElementType\": \"string\"}], \"hasChildren\": false, \"dataElementType\": \"documentArray\"}], \"hasChildren\": false, \"dataElementType\": \"document\"}, {\"key\": \"/GetAllSFDCContactsOutput/errors[]\", \"type\": \"array\", \"order\": 17.0, \"title\": \"errors\", \"children\": [{\"key\": \"/GetAllSFDCContactsOutput/errors[]/fields[]\", \"type\": \"stringArray\", \"order\": 18.0, \"title\": \"fields\", \"hasChildren\": false, \"dataElementType\": \"stringArray\"}, {\"key\": \"/GetAllSFDCContactsOutput/errors[]/message\", \"type\": \"string\", \"order\": 19.0, \"title\": \"message\", \"hasChildren\": false, \"dataElementType\": \"string\"}, {\"key\": \"/GetAllSFDCContactsOutput/errors[]/errorCode\", \"type\": \"string\", \"order\": 20.0, \"title\": \"errorCode\", \"hasChildren\": false, \"dataElementType\": \"string\"}], \"hasChildren\": false, \"dataElementType\": \"documentArray\"}, {\"key\": \"/GetAllSFDCContactsOutput/responseHeaders\", \"type\": \"object\", \"order\": 21.0, \"title\": \"responseHeaders\", \"children\": [], \"hasChildren\": false, \"dataElementType\": \"document\"}], \"hasChildren\": false, \"dataElementType\": \"document\"}]",
    "null" : false
  },
  "description" : "Get all SFDC Contacts",
  "comments" : "",
  "db_query" : "SELECT Id , Name , Phone , Email , Title , Department , Description , Account.Name FROM Contact ",
  "tag" : "V15",
  "active" : false,
  "is_changed" : false,
  "endpoint_tag" : "EMPTY",
  "endpoint_project_id" : "4351d04d-3ddb-4089-844f-4e359c33e4e0",
  "endpoint_project_tag" : "EMPTY",
  "comment" : "removed unused service",
  "input_data_object_id" : null,
  "input_data_object_tag" : "EMPTY",
  "input_data_object_project_id" : null,
  "input_data_object_project_tag" : "EMPTY",
  "output_data_object_id" : null,
  "output_data_object_tag" : "EMPTY",
  "output_data_object_project_id" : null,
  "output_data_object_project_tag" : "EMPTY",
  "base_tag" : "V14",
  "endpoint_project_mode_id" : "112c1cb8-4b9e-4d1a-a042-0bd031dc7d05",
  "input_data_object_project_mode_id" : "112c1cb8-4b9e-4d1a-a042-0bd031dc7d05",
  "output_data_object_project_mode_id" : "112c1cb8-4b9e-4d1a-a042-0bd031dc7d05",
  "test_input" : {
    "type" : "jsonb",
    "value" : "{}",
    "null" : false
  },
  "test_input_structure" : {
    "type" : "jsonb",
    "value" : "[{\"key\": \"/GetAllSFDCContactsInput\", \"type\": \"object\", \"order\": 1.0, \"title\": \"GetAllSFDCContactsInput\", \"children\": [{\"key\": \"/GetAllSFDCContactsInput/where\", \"type\": \"object\", \"order\": 2.0, \"title\": \"where\", \"value\": {\"type\": \"object\"}, \"children\": [], \"hasChildren\": false, \"dataElementType\": \"document\"}], \"hasChildren\": false, \"dataElementType\": \"document\"}]",
    "null" : false
  }
}