{
  "id" : "d5fdaaa4-47af-4801-ae44-fe00ea06ef11",
  "type" : "apikey",
  "project_tag" : "EMPTY",
  "name" : "APIKey",
  "description" : null,
  "apikey_key_name" : "x-api-key",
  "entity_id" : "5e9efb1b-2a93-4103-ad78-36e772978199",
  "jwks_uri" : null,
  "jwks_timeout" : null,
  "cache_duration" : null,
  "clock_skew" : null,
  "client_id_key" : null,
  "issuer" : null,
  "audiences" : {
    "type" : "jsonb",
    "value" : "[]",
    "null" : false
  },
  "flows" : {
    "type" : "jsonb",
    "value" : "[]",
    "null" : false
  },
  "scopes" : {
    "type" : "jsonb",
    "value" : "{}",
    "null" : false
  },
  "scopes_claim" : "scp",
  "forward_credentials_on_success" : false,
  "forward_payload_header" : null,
  "identity_provider_id" : null,
  "apikey_location" : "HEADER"
}