{
  "id" : "19a7916d-c36a-4412-8ddd-4cf9e943eebd",
  "name" : "GetContactPlanByContactId-Service",
  "description" : null,
  "iserror" : false,
  "no_of_errors" : 0,
  "service_input" : {
    "type" : "jsonb",
    "value" : "[{\"id\": \"1223e03a-27d1-45f7-ab43-37b3df97fcf8\", \"key\": \"/GetContactPlanByContactId-ServiceInput\", \"type\": \"object\", \"order\": 1, \"title\": \"GetContactPlanByContactId-ServiceInput\", \"value\": {\"type\": \"object\"}, \"isLeaf\": false, \"children\": [{\"id\": \"8a55ad0b-c867-4ccc-b4f4-dfe3e95710b4\", \"key\": \"/GetContactPlanByContactId-ServiceInput/contactId\", \"edit\": false, \"type\": \"node\", \"order\": 1, \"title\": \"contactId\", \"value\": {\"type\": \"string\"}, \"children\": [], \"editAllow\": true, \"dataElementType\": \"string\"}], \"childrenSet\": false, \"hasChildren\": false, \"dataElementType\": \"document\", \"documentReference\": [], \"encryption_required\": false}]",
    "null" : false
  },
  "service_output" : {
    "type" : "jsonb",
    "value" : "[{\"id\": \"0b977610-b796-4b9d-aab3-7b9a0353e3dd\", \"key\": \"/GetContactPlanByContactId-ServiceOutput\", \"type\": \"object\", \"order\": 1, \"title\": \"GetContactPlanByContactId-ServiceOutput\", \"value\": {\"type\": \"object\"}, \"isLeaf\": false, \"children\": [{\"id\": \"c8225d60-64f4-480f-ae1e-276d7cdbf934\", \"key\": \"/GetContactPlanByContactId-ServiceOutput/toolResponseType\", \"edit\": false, \"type\": \"node\", \"order\": 1, \"title\": \"toolResponseType\", \"value\": {\"type\": \"string\"}, \"children\": [], \"editAllow\": true, \"dataElementType\": \"string\"}, {\"id\": \"1847e768-eb98-4626-bfe2-2f48c019ea01\", \"key\": \"/GetContactPlanByContactId-ServiceOutput/toolResponseText\", \"edit\": false, \"type\": \"node\", \"order\": 1, \"title\": \"toolResponseText\", \"value\": {\"type\": \"string\"}, \"children\": [], \"editAllow\": true, \"dataElementType\": \"string\"}], \"childrenSet\": false, \"hasChildren\": false, \"dataElementType\": \"document\", \"documentReference\": [], \"encryption_required\": false}]",
    "null" : false
  },
  "service_input_json_schema" : {
    "type" : "jsonb",
    "value" : "{\"required\": [], \"properties\": {\"GetContactPlanByContactId-ServiceInput\": {\"type\": \"object\", \"required\": [], \"properties\": {\"contactId\": {\"type\": \"string\"}}, \"additionalProperties\": false}}, \"additionalProperties\": false}",
    "null" : false
  },
  "service_output_json_schema" : {
    "type" : "jsonb",
    "value" : "{\"required\": [], \"properties\": {\"GetContactPlanByContactId-ServiceOutput\": {\"type\": \"object\", \"required\": [], \"properties\": {\"toolResponseText\": {\"type\": \"string\"}, \"toolResponseType\": {\"type\": \"string\"}}, \"additionalProperties\": false}}, \"additionalProperties\": false}",
    "null" : false
  },
  "type" : "SERVICE",
  "error_handler" : false,
  "tag" : "V15",
  "active" : false,
  "is_changed" : false,
  "comment" : "removed unused service",
  "base_tag" : "V14",
  "test_input" : {
    "type" : "jsonb",
    "value" : "{}",
    "null" : false
  },
  "test_input_structure" : {
    "type" : "jsonb",
    "value" : "[{\"id\": \"1223e03a-27d1-45f7-ab43-37b3df97fcf8\", \"key\": \"/GetContactPlanByContactId-ServiceInput\", \"type\": \"object\", \"order\": 1, \"title\": \"GetContactPlanByContactId-ServiceInput\", \"value\": {\"type\": \"object\"}, \"isLeaf\": false, \"children\": [{\"id\": \"8a55ad0b-c867-4ccc-b4f4-dfe3e95710b4\", \"key\": \"/GetContactPlanByContactId-ServiceInput/contactId\", \"edit\": false, \"type\": \"node\", \"order\": 1, \"title\": \"contactId\", \"value\": {\"type\": \"string\"}, \"children\": [], \"editAllow\": true, \"dataElementType\": \"string\"}], \"childrenSet\": false, \"hasChildren\": false, \"dataElementType\": \"document\", \"documentReference\": [], \"encryption_required\": false}]",
    "null" : false
  }
}