{
  "id" : "5d20984d-635e-4829-8202-0cac69920fa3",
  "name" : "GetContactPlanByContactId",
  "description" : null,
  "iserror" : false,
  "no_of_errors" : 0,
  "service_input" : null,
  "service_output" : null,
  "service_input_json_schema" : null,
  "service_output_json_schema" : null,
  "type" : "EVENTDRIVEN",
  "error_handler" : false,
  "tag" : "V15",
  "active" : false,
  "is_changed" : false,
  "comment" : "removed unused service",
  "base_tag" : "V14",
  "test_input" : {
    "type" : "jsonb",
    "value" : "[]",
    "null" : false
  },
  "test_input_structure" : {
    "type" : "jsonb",
    "value" : "[]",
    "null" : false
  }
}