{
  "id" : "c59ff3bd-e4a1-4393-a2e8-e5eb5b8687ef",
  "name" : "SFDC LBG",
  "description" : "SFDC LB Gmail Account",
  "connection_config" : null,
  "endpoint_type_id" : "2e8afd6f-349f-44ae-a6b9-0d218c1cce64",
  "enabled" : true,
  "bean_name" : "Salesforce-b137c937-6bbb-423b-9e59-34c89142f845",
  "status" : {
    "type" : "jsonb",
    "value" : "{\"112c1cb8-4b9e-4d1a-a042-0bd031dc7d05\": true, \"81e359da-9454-40ba-b968-1273a3b8e37b\": true, \"bdf2e4f5-a195-40b5-a82a-1d76ab30e077\": true}",
    "null" : false
  },
  "auth_token_config" : {
    "type" : "jsonb",
    "value" : "{}",
    "null" : false
  },
  "avatar_id" : null,
  "tag" : "EMPTY",
  "active" : true,
  "is_changed" : true,
  "comment" : null,
  "is_error" : false,
  "base_tag" : "V16"
}