{
  "document_type_id" : "f6602425-5ed5-474b-aea6-66e73e1f2917",
  "name" : "responseBody",
  "description" : "",
  "version" : null,
  "business_document_type_id" : null,
  "document_format_id" : "edc154a0-55fc-11e9-8647-d663bd873d93",
  "root_tag" : null,
  "structure" : {
    "type" : "jsonb",
    "value" : "[{\"key\": \"/contact\", \"type\": \"object\", \"order\": 1.0, \"title\": \"contact\", \"value\": {\"type\": \"object\", \"requiredFlag\": false}, \"isLeaf\": false, \"children\": [{\"key\": \"/contact/name\", \"type\": \"string\", \"order\": 2.0, \"title\": \"name\", \"value\": {\"type\": \"string\", \"requiredFlag\": false}, \"isLeaf\": true, \"childrenSet\": false, \"hasChildren\": false, \"dataElementType\": \"string\", \"encryption_required\": false}, {\"key\": \"/contact/title\", \"type\": \"string\", \"order\": 3.0, \"title\": \"title\", \"value\": {\"type\": \"string\", \"requiredFlag\": false}, \"isLeaf\": true, \"childrenSet\": false, \"hasChildren\": false, \"dataElementType\": \"string\", \"encryption_required\": false}, {\"key\": \"/contact/company\", \"type\": \"string\", \"order\": 4.0, \"title\": \"company\", \"value\": {\"type\": \"string\", \"requiredFlag\": false}, \"isLeaf\": true, \"childrenSet\": false, \"hasChildren\": false, \"dataElementType\": \"string\", \"encryption_required\": false}, {\"key\": \"/contact/industry\", \"type\": \"string\", \"order\": 5.0, \"title\": \"industry\", \"value\": {\"type\": \"string\", \"requiredFlag\": false}, \"isLeaf\": true, \"childrenSet\": false, \"hasChildren\": false, \"dataElementType\": \"string\", \"encryption_required\": false}, {\"key\": \"/contact/email\", \"type\": \"string\", \"order\": 6.0, \"title\": \"email\", \"value\": {\"type\": \"string\", \"requiredFlag\": false}, \"isLeaf\": true, \"childrenSet\": false, \"hasChildren\": false, \"dataElementType\": \"string\", \"encryption_required\": false}, {\"key\": \"/contact/phone\", \"type\": \"string\", \"order\": 7.0, \"title\": \"phone\", \"value\": {\"type\": \"string\", \"requiredFlag\": false}, \"isLeaf\": true, \"childrenSet\": false, \"hasChildren\": false, \"dataElementType\": \"string\", \"encryption_required\": false}], \"childrenSet\": false, \"hasChildren\": false, \"dataElementType\": \"document\", \"encryption_required\": false}, {\"key\": \"/insights\", \"type\": \"object\", \"order\": 8.0, \"title\": \"insights\", \"value\": {\"type\": \"object\", \"requiredFlag\": false}, \"isLeaf\": false, \"children\": [{\"key\": \"/insights/personalized_outreach\", \"type\": \"string\", \"order\": 9.0, \"title\": \"personalized_outreach\", \"value\": {\"type\": \"string\", \"requiredFlag\": false}, \"isLeaf\": true, \"childrenSet\": false, \"hasChildren\": false, \"dataElementType\": \"string\", \"encryption_required\": false}, {\"key\": \"/insights/industry_summary\", \"type\": \"string\", \"order\": 10.0, \"title\": \"industry_summary\", \"value\": {\"type\": \"string\", \"requiredFlag\": false}, \"isLeaf\": true, \"childrenSet\": false, \"hasChildren\": false, \"dataElementType\": \"string\", \"encryption_required\": false}, {\"key\": \"/insights/talking_points[]\", \"type\": \"array\", \"order\": 11.0, \"title\": \"talking_points\", \"value\": {\"type\": \"array\", \"requiredFlag\": false}, \"isLeaf\": false, \"childrenSet\": false, \"hasChildren\": false, \"dataElementType\": \"stringArray\", \"encryption_required\": false}, {\"key\": \"/insights/sentiment_score\", \"type\": \"number\", \"order\": 12.0, \"title\": \"sentiment_score\", \"value\": {\"type\": \"number\", \"requiredFlag\": false}, \"isLeaf\": true, \"childrenSet\": false, \"hasChildren\": false, \"dataElementType\": \"number\", \"encryption_required\": false}, {\"key\": \"/insights/churn_risk\", \"type\": \"string\", \"order\": 13.0, \"title\": \"churn_risk\", \"value\": {\"type\": \"string\", \"requiredFlag\": false}, \"isLeaf\": true, \"childrenSet\": false, \"hasChildren\": false, \"dataElementType\": \"string\", \"encryption_required\": false}], \"childrenSet\": false, \"hasChildren\": false, \"dataElementType\": \"document\", \"encryption_required\": false}, {\"key\": \"/recommendations\", \"type\": \"object\", \"order\": 14.0, \"title\": \"recommendations\", \"value\": {\"type\": \"object\", \"requiredFlag\": false}, \"isLeaf\": false, \"children\": [{\"key\": \"/recommendations/next_steps[]\", \"type\": \"array\", \"order\": 15.0, \"title\": \"next_steps\", \"value\": {\"type\": \"array\", \"requiredFlag\": false}, \"isLeaf\": false, \"childrenSet\": false, \"hasChildren\": false, \"dataElementType\": \"stringArray\", \"encryption_required\": false}], \"childrenSet\": false, \"hasChildren\": false, \"dataElementType\": \"document\", \"encryption_required\": false}]",
    "null" : false
  },
  "key_fields" : null,
  "schema" : {
    "type" : "json",
    "value" : "{\"$id\":\"responseBody\",\"$schema\":\"http://json-schema.org/draft-07/schema#\",\"type\":\"object\",\"properties\":{\"contact\":{\"type\":\"object\",\"title\":\"contact\",\"properties\":{\"name\":{\"type\":\"string\",\"title\":\"name\",\"default\":\"\",\"examples\":[\"Sarah Johnson\"],\"properties\":{},\"pattern\":\"^(.*)$\"},\"title\":{\"type\":\"string\",\"title\":\"title\",\"default\":\"\",\"examples\":[\"VP of Marketing\"],\"properties\":{},\"pattern\":\"^(.*)$\"},\"company\":{\"type\":\"string\",\"title\":\"company\",\"default\":\"\",\"examples\":[\"Acme Corp\"],\"properties\":{},\"pattern\":\"^(.*)$\"},\"industry\":{\"type\":\"string\",\"title\":\"industry\",\"default\":\"\",\"examples\":[\"E-commerce\"],\"properties\":{},\"pattern\":\"^(.*)$\"},\"email\":{\"type\":\"string\",\"title\":\"email\",\"default\":\"\",\"examples\":[\"sarah.johnson@acmecorp.com\"],\"properties\":{},\"pattern\":\"^(.*)$\"},\"phone\":{\"type\":\"string\",\"title\":\"phone\",\"default\":\"\",\"examples\":[\"+1-234-567-890\"],\"properties\":{},\"pattern\":\"^(.*)$\"}}},\"insights\":{\"type\":\"object\",\"title\":\"insights\",\"properties\":{\"personalized_outreach\":{\"type\":\"string\",\"title\":\"personalized_outreach\",\"default\":\"\",\"examples\":[\"Discuss AI-driven marketing and personalization strategies discussed in the recent webinar she attended.\"],\"properties\":{},\"pattern\":\"^(.*)$\"},\"industry_summary\":{\"type\":\"string\",\"title\":\"industry_summary\",\"default\":\"\",\"examples\":[\"E-commerce is booming, and with the right marketing strategies, Acme Corp can optimize their sales and customer engagement.\"],\"properties\":{},\"pattern\":\"^(.*)$\"},\"talking_points\":{\"type\":\"array\",\"title\":\"talking_points\",\"properties\":{},\"items\":{\"type\":\"string\",\"default\":\"\",\"examples\":[\"Webinar recap\",\"AI-driven marketing\",\"Personalization strategies\"],\"properties\":{},\"pattern\":\"^(.*)$\"}},\"sentiment_score\":{\"type\":\"number\",\"title\":\"sentiment_score\",\"default\":0.0,\"examples\":[0.8],\"properties\":{}},\"churn_risk\":{\"type\":\"string\",\"title\":\"churn_risk\",\"default\":\"\",\"examples\":[\"Low\"],\"properties\":{},\"pattern\":\"^(.*)$\"}}},\"recommendations\":{\"type\":\"object\",\"title\":\"recommendations\",\"properties\":{\"next_steps\":{\"type\":\"array\",\"title\":\"next_steps\",\"properties\":{},\"items\":{\"type\":\"string\",\"default\":\"\",\"examples\":[\"Send follow-up email summarizing the key points of the webinar\",\"Schedule a call to discuss how Acme Corp can implement AI and personalization in their marketing strategies\",\"Prepare case studies showcasing success of AI-driven marketing and personalization in the E-commerce industry\"],\"properties\":{},\"pattern\":\"^(.*)$\"}}}}}}",
    "null" : false
  },
  "source_schema" : "{\n  \"contact\": {\n    \"name\": \"Sarah Johnson\",\n    \"title\": \"VP of Marketing\",\n    \"company\": \"Acme Corp\",\n    \"industry\": \"E-commerce\",\n    \"email\": \"sarah.johnson@acmecorp.com\",\n    \"phone\": \"+1-234-567-890\"\n  },\n  \"insights\": {\n    \"personalized_outreach\": \"Discuss AI-driven marketing and personalization strategies discussed in the recent webinar she attended.\",\n    \"industry_summary\": \"E-commerce is booming, and with the right marketing strategies, Acme Corp can optimize their sales and customer engagement.\",\n    \"talking_points\": [\n      \"Webinar recap\",\n      \"AI-driven marketing\",\n      \"Personalization strategies\"\n    ],\n    \"sentiment_score\": 0.8,\n    \"churn_risk\": \"Low\"\n  },\n  \"recommendations\": {\n    \"next_steps\": [\n      \"Send follow-up email summarizing the key points of the webinar\",\n      \"Schedule a call to discuss how Acme Corp can implement AI and personalization in their marketing strategies\",\n      \"Prepare case studies showcasing success of AI-driven marketing and personalization in the E-commerce industry\"\n    ]\n  }\n}",
  "type" : "custom",
  "doc_type" : null,
  "source_type" : "jsonsample",
  "ignore_missing_schemas" : false,
  "has_ref_schemas" : null,
  "flat_file_config" : null,
  "active" : true,
  "is_changed" : false,
  "tag" : "EMPTY",
  "comment" : null,
  "base_tag" : "V16"
}