{
  "component_config_id" : "4160eb17-293f-44bf-9261-b660daa5d808",
  "endpoint_config_json" : {
    "type" : "jsonb",
    "value" : "{\"crossRef\": [], \"services\": [], \"multistep\": [], \"operations\": []}",
    "null" : false
  },
  "input_config_json" : {
    "type" : "jsonb",
    "value" : "{\"crossRef\": [], \"services\": [], \"multistep\": [], \"operations\": []}",
    "null" : false
  },
  "output_config_json" : {
    "type" : "jsonb",
    "value" : "{\"crossRef\": [], \"services\": [], \"multistep\": [], \"operations\": [{\"map\": {\"id\": \"94ad20d9-82a0-4f89-8ad7-222b2795d90d\", \"root\": false, \"type\": \"list\", \"cached\": false, \"source\": \"/GetEnhancedContactInput/GetSFDCContactByIdOutput/response/records[]/Name\", \"target\": \"/responseBody/contact/name\", \"mapNull\": false, \"disabled\": false, \"extractXml\": false, \"extractJson\": false, \"targetOrder\": 2.0, \"mapEmptyString\": false, \"sourceJavaType\": \"java.lang.String\", \"targetJavaType\": \"java.lang.String\"}}, {\"map\": {\"id\": \"cac36b91-b6b3-49e4-bf96-c357eb218ab3\", \"root\": false, \"type\": \"list\", \"cached\": false, \"source\": \"/GetEnhancedContactInput/GetSFDCContactByIdOutput/response/records[]/Title\", \"target\": \"/responseBody/contact/title\", \"mapNull\": false, \"disabled\": false, \"extractXml\": false, \"extractJson\": false, \"targetOrder\": 3.0, \"mapEmptyString\": false, \"sourceJavaType\": \"java.lang.String\", \"targetJavaType\": \"java.lang.String\"}}, {\"map\": {\"id\": \"f303a320-5489-4ec8-b8c6-ca07bdb0fcdf\", \"root\": false, \"type\": \"list\", \"cached\": false, \"source\": \"/GetEnhancedContactInput/GetSFDCContactByIdOutput/response/records[]/Account_Name\", \"target\": \"/responseBody/contact/company\", \"mapNull\": false, \"disabled\": false, \"extractXml\": false, \"extractJson\": false, \"targetOrder\": 4.0, \"mapEmptyString\": false, \"sourceJavaType\": \"java.lang.String\", \"targetJavaType\": \"java.lang.String\"}}, {\"map\": {\"id\": \"759d0bc5-bcee-4681-a0c0-0dafe3ddb228\", \"root\": false, \"type\": \"list\", \"cached\": false, \"source\": \"/GetEnhancedContactInput/GetSFDCContactByIdOutput/response/records[]/Account_Industry\", \"target\": \"/responseBody/contact/industry\", \"mapNull\": false, \"disabled\": false, \"extractXml\": false, \"extractJson\": false, \"targetOrder\": 5.0, \"mapEmptyString\": false, \"sourceJavaType\": \"java.lang.String\", \"targetJavaType\": \"java.lang.String\"}}, {\"map\": {\"id\": \"261c4afb-a299-4904-a89d-216eab48589c\", \"root\": false, \"type\": \"list\", \"cached\": false, \"source\": \"/GetEnhancedContactInput/GetSFDCContactByIdOutput/response/records[]/Email\", \"target\": \"/responseBody/contact/email\", \"mapNull\": false, \"disabled\": false, \"extractXml\": false, \"extractJson\": false, \"targetOrder\": 6.0, \"mapEmptyString\": false, \"sourceJavaType\": \"java.lang.String\", \"targetJavaType\": \"java.lang.String\"}}, {\"map\": {\"id\": \"c2ce863a-84f4-46fc-824f-cffd160984c0\", \"root\": false, \"type\": \"list\", \"cached\": false, \"source\": \"/GetEnhancedContactInput/GetSFDCContactByIdOutput/response/records[]/Phone\", \"target\": \"/responseBody/contact/phone\", \"mapNull\": false, \"disabled\": false, \"extractXml\": false, \"extractJson\": false, \"targetOrder\": 7.0, \"mapEmptyString\": false, \"sourceJavaType\": \"java.lang.String\", \"targetJavaType\": \"java.lang.String\"}}]}",
    "null" : false
  },
  "component_id" : "8ac5fe03-27a2-4e6a-a449-6a8893818223",
  "service_id" : "aa8a0812-f9a7-49a6-85d1-7200e00d06fe",
  "endpoint_id" : null,
  "parent_component_config_id" : null,
  "component_config_order" : 1.0,
  "action_id" : "06843b78-eab0-45da-afab-8c8277d7553f",
  "name" : "Declare var",
  "description" : "",
  "override_endpoint" : false,
  "input_structure_json" : {
    "type" : "jsonb",
    "value" : "{\"maps\": [], \"mappedNodes\": [\"/GetEnhancedContactInput/GetSFDCContactByIdOutput/response/records[]/Name pipeIn\", \"/responseBody/contact/namepipeOut\", \"/GetEnhancedContactInput/GetSFDCContactByIdOutput/response/records[]/Title pipeIn\", \"/responseBody/contact/titlepipeOut\", \"/GetEnhancedContactInput/GetSFDCContactByIdOutput/response/records[]/Account_Name pipeIn\", \"/responseBody/contact/companypipeOut\", \"/GetEnhancedContactInput/GetSFDCContactByIdOutput/response/records[]/Account_Industry pipeIn\", \"/responseBody/contact/industrypipeOut\", \"/GetEnhancedContactInput/GetSFDCContactByIdOutput/response/records[]/Email pipeIn\", \"/responseBody/contact/emailpipeOut\", \"/GetEnhancedContactInput/GetSFDCContactByIdOutput/response/records[]/Phone pipeIn\", \"/responseBody/contact/phonepipeOut\"]}",
    "null" : false
  },
  "output_structure_json" : {
    "type" : "jsonb",
    "value" : "{\"maps\": [{\"/responseBody/contact/name\": [{\"type\": \"list\", \"source\": {\"path\": \"/GetEnhancedContactInput/GetSFDCContactByIdOutput/response/records[]/Name\", \"title\": \"Name\", \"dataElementType\": \"string\"}, \"target\": {\"path\": \"/responseBody/contact/name\", \"order\": 2, \"title\": \"name\", \"dataElementType\": \"string\"}, \"mapCondition\": {\"isConditionSet\": false, \"sourceTreeIndex\": [{\"key\": 1, \"title\": \"GetEnhancedContactInput\", \"isLeaf\": false, \"isArray\": false, \"children\": [{\"key\": 2, \"title\": \"GetSFDCContactByIdOutput\", \"isLeaf\": false, \"isArray\": false, \"children\": [{\"key\": 3, \"title\": \"response\", \"isLeaf\": false, \"isArray\": false, \"children\": [{\"key\": 4, \"title\": \"records\", \"isLeaf\": false, \"isArray\": true, \"children\": [{\"key\": 5, \"title\": \"Name\", \"isLeaf\": false, \"isArray\": false, \"parentKey\": 4}], \"parentKey\": 3, \"arrayIndex\": null}], \"parentKey\": 2}], \"parentKey\": 1}], \"parentKey\": 0}], \"targetTreeIndex\": [{\"key\": 1, \"title\": \"responseBody\", \"isLeaf\": false, \"isArray\": false, \"children\": [{\"key\": 2, \"title\": \"contact\", \"isLeaf\": false, \"isArray\": false, \"children\": [{\"key\": 3, \"title\": \"name\", \"isLeaf\": false, \"isArray\": false, \"parentKey\": 2}], \"parentKey\": 1}], \"parentKey\": 0}], \"mapConditionFormValue\": {}}}]}, {\"/responseBody/contact/title\": [{\"type\": \"list\", \"source\": {\"path\": \"/GetEnhancedContactInput/GetSFDCContactByIdOutput/response/records[]/Title\", \"title\": \"Title\", \"dataElementType\": \"string\"}, \"target\": {\"path\": \"/responseBody/contact/title\", \"order\": 3, \"title\": \"title\", \"dataElementType\": \"string\"}, \"mapCondition\": {\"isConditionSet\": false, \"sourceTreeIndex\": [{\"key\": 1, \"title\": \"GetEnhancedContactInput\", \"isLeaf\": false, \"isArray\": false, \"children\": [{\"key\": 2, \"title\": \"GetSFDCContactByIdOutput\", \"isLeaf\": false, \"isArray\": false, \"children\": [{\"key\": 3, \"title\": \"response\", \"isLeaf\": false, \"isArray\": false, \"children\": [{\"key\": 4, \"title\": \"records\", \"isLeaf\": false, \"isArray\": true, \"children\": [{\"key\": 5, \"title\": \"Title\", \"isLeaf\": false, \"isArray\": false, \"parentKey\": 4}], \"parentKey\": 3, \"arrayIndex\": null}], \"parentKey\": 2}], \"parentKey\": 1}], \"parentKey\": 0}], \"targetTreeIndex\": [{\"key\": 1, \"title\": \"responseBody\", \"isLeaf\": false, \"isArray\": false, \"children\": [{\"key\": 2, \"title\": \"contact\", \"isLeaf\": false, \"isArray\": false, \"children\": [{\"key\": 3, \"title\": \"title\", \"isLeaf\": false, \"isArray\": false, \"parentKey\": 2}], \"parentKey\": 1}], \"parentKey\": 0}], \"mapConditionFormValue\": {}}}]}, {\"/responseBody/contact/company\": [{\"type\": \"list\", \"source\": {\"path\": \"/GetEnhancedContactInput/GetSFDCContactByIdOutput/response/records[]/Account_Name\", \"title\": \"Account_Name\", \"dataElementType\": \"string\"}, \"target\": {\"path\": \"/responseBody/contact/company\", \"order\": 4, \"title\": \"company\", \"dataElementType\": \"string\"}, \"mapCondition\": {\"isConditionSet\": false, \"sourceTreeIndex\": [{\"key\": 1, \"title\": \"GetEnhancedContactInput\", \"isLeaf\": false, \"isArray\": false, \"children\": [{\"key\": 2, \"title\": \"GetSFDCContactByIdOutput\", \"isLeaf\": false, \"isArray\": false, \"children\": [{\"key\": 3, \"title\": \"response\", \"isLeaf\": false, \"isArray\": false, \"children\": [{\"key\": 4, \"title\": \"records\", \"isLeaf\": false, \"isArray\": true, \"children\": [{\"key\": 5, \"title\": \"Account_Name\", \"isLeaf\": false, \"isArray\": false, \"parentKey\": 4}], \"parentKey\": 3, \"arrayIndex\": null}], \"parentKey\": 2}], \"parentKey\": 1}], \"parentKey\": 0}], \"targetTreeIndex\": [{\"key\": 1, \"title\": \"responseBody\", \"isLeaf\": false, \"isArray\": false, \"children\": [{\"key\": 2, \"title\": \"contact\", \"isLeaf\": false, \"isArray\": false, \"children\": [{\"key\": 3, \"title\": \"company\", \"isLeaf\": false, \"isArray\": false, \"parentKey\": 2}], \"parentKey\": 1}], \"parentKey\": 0}], \"mapConditionFormValue\": {}}}]}, {\"/responseBody/contact/industry\": [{\"type\": \"list\", \"source\": {\"path\": \"/GetEnhancedContactInput/GetSFDCContactByIdOutput/response/records[]/Account_Industry\", \"title\": \"Account_Industry\", \"dataElementType\": \"string\"}, \"target\": {\"path\": \"/responseBody/contact/industry\", \"order\": 5, \"title\": \"industry\", \"dataElementType\": \"string\"}, \"mapCondition\": {\"isConditionSet\": false, \"sourceTreeIndex\": [{\"key\": 1, \"title\": \"GetEnhancedContactInput\", \"isLeaf\": false, \"isArray\": false, \"children\": [{\"key\": 2, \"title\": \"GetSFDCContactByIdOutput\", \"isLeaf\": false, \"isArray\": false, \"children\": [{\"key\": 3, \"title\": \"response\", \"isLeaf\": false, \"isArray\": false, \"children\": [{\"key\": 4, \"title\": \"records\", \"isLeaf\": false, \"isArray\": true, \"children\": [{\"key\": 5, \"title\": \"Account_Industry\", \"isLeaf\": false, \"isArray\": false, \"parentKey\": 4}], \"parentKey\": 3, \"arrayIndex\": null}], \"parentKey\": 2}], \"parentKey\": 1}], \"parentKey\": 0}], \"targetTreeIndex\": [{\"key\": 1, \"title\": \"responseBody\", \"isLeaf\": false, \"isArray\": false, \"children\": [{\"key\": 2, \"title\": \"contact\", \"isLeaf\": false, \"isArray\": false, \"children\": [{\"key\": 3, \"title\": \"industry\", \"isLeaf\": false, \"isArray\": false, \"parentKey\": 2}], \"parentKey\": 1}], \"parentKey\": 0}], \"mapConditionFormValue\": {}}}]}, {\"/responseBody/contact/email\": [{\"type\": \"list\", \"source\": {\"path\": \"/GetEnhancedContactInput/GetSFDCContactByIdOutput/response/records[]/Email\", \"title\": \"Email\", \"dataElementType\": \"string\"}, \"target\": {\"path\": \"/responseBody/contact/email\", \"order\": 6, \"title\": \"email\", \"dataElementType\": \"string\"}, \"mapCondition\": {\"isConditionSet\": false, \"sourceTreeIndex\": [{\"key\": 1, \"title\": \"GetEnhancedContactInput\", \"isLeaf\": false, \"isArray\": false, \"children\": [{\"key\": 2, \"title\": \"GetSFDCContactByIdOutput\", \"isLeaf\": false, \"isArray\": false, \"children\": [{\"key\": 3, \"title\": \"response\", \"isLeaf\": false, \"isArray\": false, \"children\": [{\"key\": 4, \"title\": \"records\", \"isLeaf\": false, \"isArray\": true, \"children\": [{\"key\": 5, \"title\": \"Email\", \"isLeaf\": false, \"isArray\": false, \"parentKey\": 4}], \"parentKey\": 3, \"arrayIndex\": null}], \"parentKey\": 2}], \"parentKey\": 1}], \"parentKey\": 0}], \"targetTreeIndex\": [{\"key\": 1, \"title\": \"responseBody\", \"isLeaf\": false, \"isArray\": false, \"children\": [{\"key\": 2, \"title\": \"contact\", \"isLeaf\": false, \"isArray\": false, \"children\": [{\"key\": 3, \"title\": \"email\", \"isLeaf\": false, \"isArray\": false, \"parentKey\": 2}], \"parentKey\": 1}], \"parentKey\": 0}], \"mapConditionFormValue\": {}}}]}, {\"/responseBody/contact/phone\": [{\"type\": \"list\", \"source\": {\"path\": \"/GetEnhancedContactInput/GetSFDCContactByIdOutput/response/records[]/Phone\", \"title\": \"Phone\", \"dataElementType\": \"string\"}, \"target\": {\"path\": \"/responseBody/contact/phone\", \"order\": 7, \"title\": \"phone\", \"dataElementType\": \"string\"}, \"mapCondition\": {\"isConditionSet\": false, \"sourceTreeIndex\": [{\"key\": 1, \"title\": \"GetEnhancedContactInput\", \"isLeaf\": false, \"isArray\": false, \"children\": [{\"key\": 2, \"title\": \"GetSFDCContactByIdOutput\", \"isLeaf\": false, \"isArray\": false, \"children\": [{\"key\": 3, \"title\": \"response\", \"isLeaf\": false, \"isArray\": false, \"children\": [{\"key\": 4, \"title\": \"records\", \"isLeaf\": false, \"isArray\": true, \"children\": [{\"key\": 5, \"title\": \"Phone\", \"isLeaf\": false, \"isArray\": false, \"parentKey\": 4}], \"parentKey\": 3, \"arrayIndex\": null}], \"parentKey\": 2}], \"parentKey\": 1}], \"parentKey\": 0}], \"targetTreeIndex\": [{\"key\": 1, \"title\": \"responseBody\", \"isLeaf\": false, \"isArray\": false, \"children\": [{\"key\": 2, \"title\": \"contact\", \"isLeaf\": false, \"isArray\": false, \"children\": [{\"key\": 3, \"title\": \"phone\", \"isLeaf\": false, \"isArray\": false, \"parentKey\": 2}], \"parentKey\": 1}], \"parentKey\": 0}], \"mapConditionFormValue\": {}}}]}], \"tracks\": {}, \"transformer\": []}",
    "null" : false
  },
  "endpoint_structure_json" : {
    "type" : "jsonb",
    "value" : "{\"maps\": []}",
    "null" : false
  },
  "is_error" : false,
  "no_of_errors" : 0,
  "action_input_type" : null,
  "config_service_id" : null,
  "config_imap_id" : null,
  "config_b2b_document_type_id" : null,
  "config_document_id" : null,
  "add_variables" : {
    "type" : "jsonb",
    "value" : "[{\"id\": \"a0d21cef-4b28-49ef-abab-4cac7e9e21d0\", \"key\": \"/responseBody\", \"type\": \"reference\", \"order\": 2, \"title\": \"responseBody\", \"value\": {\"type\": \"object\"}, \"isLeaf\": false, \"children\": [], \"editAllow\": true, \"hasChildren\": false, \"projectName\": \"FusionContactPlanMCP\", \"referenceId\": \"f6602425-5ed5-474b-aea6-66e73e1f2917\", \"isChildrenSet\": false, \"dataObjectName\": \"responseBody\", \"dataElementType\": \"document\", \"componentConfigId\": \"4160eb17-293f-44bf-9261-b660daa5d808\", \"encryption_required\": false}, {\"id\": \"f259c385-2b23-4213-8441-1e3843c047db\", \"key\": \"/errorResponse\", \"type\": \"node\", \"order\": 1, \"title\": \"errorResponse\", \"value\": {\"type\": \"array\"}, \"children\": [{\"id\": \"15c3b631-2370-464d-a44a-66b4723b2019\", \"key\": \"/errorResponse/message\", \"type\": \"node\", \"order\": 1, \"title\": \"message\", \"value\": {\"type\": \"string\"}, \"children\": [], \"editAllow\": true, \"componentName\": \"Declare var\", \"dataElementType\": \"string\", \"componentConfigId\": \"4160eb17-293f-44bf-9261-b660daa5d808\", \"componentConfigName\": \"Map\"}], \"editAllow\": true, \"componentName\": \"Declare var\", \"dataElementType\": \"document\", \"componentConfigId\": \"4160eb17-293f-44bf-9261-b660daa5d808\", \"componentConfigName\": \"Map\"}]",
    "null" : false
  },
  "drop_variables" : {
    "type" : "jsonb",
    "value" : "[]",
    "null" : false
  },
  "plug_input_structure" : null,
  "plug_output_structure" : null,
  "config_plug_id" : null,
  "override_plug" : false,
  "config_java_service_id" : null,
  "service_tag" : "EMPTY",
  "endpoint_tag" : null,
  "config_service_tag" : "",
  "config_imap_tag" : "",
  "config_b2b_document_type_tag" : "",
  "active" : true,
  "parent_component_config_service_tag" : "EMPTY",
  "service_project_id" : "4351d04d-3ddb-4089-844f-4e359c33e4e0",
  "service_project_tag" : "EMPTY",
  "config_service_project_id" : null,
  "config_service_project_tag" : "",
  "config_imap_project_id" : null,
  "config_imap_project_tag" : "",
  "config_b2b_document_type_project_id" : null,
  "config_b2b_document_type_project_tag" : "",
  "endpoint_project_id" : null,
  "endpoint_project_tag" : null,
  "config_plug_tag" : null,
  "config_plug_project_id" : null,
  "config_plug_project_tag" : null,
  "config_java_service_tag" : "",
  "config_java_service_project_id" : null,
  "config_java_service_project_tag" : "",
  "disabled" : false,
  "config" : null,
  "config_b2b_document_type_project_mode_id" : "112c1cb8-4b9e-4d1a-a042-0bd031dc7d05",
  "config_imap_project_mode_id" : "112c1cb8-4b9e-4d1a-a042-0bd031dc7d05",
  "config_java_service_project_mode_id" : "112c1cb8-4b9e-4d1a-a042-0bd031dc7d05",
  "config_plug_project_mode_id" : "112c1cb8-4b9e-4d1a-a042-0bd031dc7d05",
  "config_service_project_mode_id" : "112c1cb8-4b9e-4d1a-a042-0bd031dc7d05",
  "endpoint_project_mode_id" : "112c1cb8-4b9e-4d1a-a042-0bd031dc7d05",
  "service_project_mode_id" : "112c1cb8-4b9e-4d1a-a042-0bd031dc7d05",
  "parent_component_config_service_project_mode_id" : "112c1cb8-4b9e-4d1a-a042-0bd031dc7d05",
  "is_audit" : true,
  "keys_with_order" : null
}