{
  "component_config_id" : "2f15ba2d-590c-471d-b503-afaeb50287e8",
  "endpoint_config_json" : {
    "type" : "jsonb",
    "value" : "{\"crossRef\": [], \"services\": [], \"multistep\": [], \"operations\": []}",
    "null" : false
  },
  "input_config_json" : {
    "type" : "jsonb",
    "value" : "{\"crossRef\": [], \"services\": [], \"multistep\": [], \"operations\": []}",
    "null" : false
  },
  "output_config_json" : {
    "type" : "jsonb",
    "value" : "{\"crossRef\": [], \"services\": [], \"multistep\": [], \"operations\": [{\"map\": {\"id\": \"a3f4acd3-9207-4d74-95cd-c009cbc40078\", \"root\": true, \"type\": \"map\", \"cached\": false, \"source\": \"/GetAllSFDCContactsOutput\", \"target\": \"/GetAllSFDCContactsOutput\", \"mapNull\": false, \"disabled\": false, \"extractXml\": false, \"extractJson\": false, \"targetOrder\": 1.0, \"mapEmptyString\": false}}]}",
    "null" : false
  },
  "component_id" : "f9e692b6-2d3f-4aa8-be08-38ccc97babd0",
  "service_id" : "1fa73e22-02ff-44d3-a3cf-557f34e38d52",
  "endpoint_id" : "c59ff3bd-e4a1-4393-a2e8-e5eb5b8687ef",
  "parent_component_config_id" : "be3d4098-c77f-4c31-b518-9e19d522c2db",
  "component_config_order" : 1.0,
  "action_id" : "acc3e0a8-5a55-4b14-b1b8-2d9604bbe31f",
  "name" : "Get latest contacts",
  "description" : "",
  "override_endpoint" : false,
  "input_structure_json" : {
    "type" : "jsonb",
    "value" : "{\"maps\": [], \"mappedNodes\": [\"/GetAllSFDCContactsOutputactionOut\", \"/GetAllSFDCContactsOutputpipeOut\"]}",
    "null" : false
  },
  "output_structure_json" : {
    "type" : "jsonb",
    "value" : "{\"maps\": [{\"/GetAllSFDCContactsOutput\": [{\"type\": \"map\", \"source\": {\"path\": \"/GetAllSFDCContactsOutput\", \"title\": \"GetAllSFDCContactsOutput\", \"dataElementType\": \"document\"}, \"target\": {\"path\": \"/GetAllSFDCContactsOutput\", \"order\": 1, \"title\": \"GetAllSFDCContactsOutput\", \"dataElementType\": \"document\"}, \"mapCondition\": {\"isConditionSet\": false, \"sourceTreeIndex\": [], \"targetTreeIndex\": [], \"mapConditionFormValue\": {}}}]}], \"tracks\": {}, \"transformer\": []}",
    "null" : false
  },
  "endpoint_structure_json" : {
    "type" : "jsonb",
    "value" : "{\"maps\": []}",
    "null" : false
  },
  "is_error" : false,
  "no_of_errors" : 0,
  "action_input_type" : null,
  "config_service_id" : null,
  "config_imap_id" : null,
  "config_b2b_document_type_id" : null,
  "config_document_id" : null,
  "add_variables" : {
    "type" : "jsonb",
    "value" : "[]",
    "null" : false
  },
  "drop_variables" : {
    "type" : "jsonb",
    "value" : "[]",
    "null" : false
  },
  "plug_input_structure" : null,
  "plug_output_structure" : null,
  "config_plug_id" : "6394fb9a-1de6-4fba-b4b6-89e06b8ce00f",
  "override_plug" : false,
  "config_java_service_id" : null,
  "service_tag" : "EMPTY",
  "endpoint_tag" : null,
  "config_service_tag" : "",
  "config_imap_tag" : "",
  "config_b2b_document_type_tag" : "",
  "active" : true,
  "parent_component_config_service_tag" : "EMPTY",
  "service_project_id" : "4351d04d-3ddb-4089-844f-4e359c33e4e0",
  "service_project_tag" : "EMPTY",
  "config_service_project_id" : null,
  "config_service_project_tag" : "",
  "config_imap_project_id" : null,
  "config_imap_project_tag" : "",
  "config_b2b_document_type_project_id" : null,
  "config_b2b_document_type_project_tag" : "",
  "endpoint_project_id" : "4351d04d-3ddb-4089-844f-4e359c33e4e0",
  "endpoint_project_tag" : null,
  "config_plug_tag" : "EMPTY",
  "config_plug_project_id" : "4351d04d-3ddb-4089-844f-4e359c33e4e0",
  "config_plug_project_tag" : "EMPTY",
  "config_java_service_tag" : "",
  "config_java_service_project_id" : null,
  "config_java_service_project_tag" : "",
  "disabled" : false,
  "config" : {
    "type" : "json",
    "value" : "{\"objectId\":null,\"version\":null,\"objectApiId\":null}",
    "null" : false
  },
  "config_b2b_document_type_project_mode_id" : "112c1cb8-4b9e-4d1a-a042-0bd031dc7d05",
  "config_imap_project_mode_id" : "112c1cb8-4b9e-4d1a-a042-0bd031dc7d05",
  "config_java_service_project_mode_id" : "112c1cb8-4b9e-4d1a-a042-0bd031dc7d05",
  "config_plug_project_mode_id" : "112c1cb8-4b9e-4d1a-a042-0bd031dc7d05",
  "config_service_project_mode_id" : "112c1cb8-4b9e-4d1a-a042-0bd031dc7d05",
  "endpoint_project_mode_id" : "112c1cb8-4b9e-4d1a-a042-0bd031dc7d05",
  "service_project_mode_id" : "112c1cb8-4b9e-4d1a-a042-0bd031dc7d05",
  "parent_component_config_service_project_mode_id" : "112c1cb8-4b9e-4d1a-a042-0bd031dc7d05",
  "is_audit" : true,
  "keys_with_order" : null
}