{
  "component_config_id" : "73b47b7e-19b8-4993-9bf3-71dc53c58351",
  "endpoint_config_json" : {
    "type" : "jsonb",
    "value" : "{\"crossRef\": [], \"services\": [], \"multistep\": [], \"operations\": []}",
    "null" : false
  },
  "input_config_json" : {
    "type" : "jsonb",
    "value" : "{\"crossRef\": [], \"services\": [], \"multistep\": [], \"operations\": []}",
    "null" : false
  },
  "output_config_json" : {
    "type" : "jsonb",
    "value" : "{\"crossRef\": [], \"services\": [], \"multistep\": [], \"operations\": [{\"map\": {\"id\": \"ab734409-b619-4b75-82d3-96fdb02e767b\", \"root\": false, \"type\": \"list\", \"cached\": false, \"source\": \"/GetAllSFDCContactsOutput/response/records[]\", \"target\": \"/GetMyCompanyActiveContacts-ServiceOutput/toolResponseText\", \"mapNull\": false, \"disabled\": false, \"extractXml\": false, \"extractJson\": false, \"targetOrder\": 1.0, \"mapEmptyString\": false, \"targetJavaType\": \"java.lang.String\"}}]}",
    "null" : false
  },
  "component_id" : "8ac5fe03-27a2-4e6a-a449-6a8893818223",
  "service_id" : "1fa73e22-02ff-44d3-a3cf-557f34e38d52",
  "endpoint_id" : null,
  "parent_component_config_id" : "d4fef9f7-8ac4-4204-ba25-f0c25f7a10a3",
  "component_config_order" : 3.0,
  "action_id" : "06843b78-eab0-45da-afab-8c8277d7553f",
  "name" : "Set response",
  "description" : "",
  "override_endpoint" : false,
  "input_structure_json" : {
    "type" : "jsonb",
    "value" : "{\"maps\": [], \"mappedNodes\": [\"/GetAllSFDCContactsOutput/response/records[] pipeIn\", \"/GetMyCompanyActiveContacts-ServiceOutput/toolResponseTextpipeOut\"]}",
    "null" : false
  },
  "output_structure_json" : {
    "type" : "jsonb",
    "value" : "{\"maps\": [{\"/GetMyCompanyActiveContacts-ServiceOutput/toolResponseText\": [{\"type\": \"list\", \"source\": {\"path\": \"/GetAllSFDCContactsOutput/response/records[]\", \"title\": \"records\", \"dataElementType\": \"documentArray\"}, \"target\": {\"path\": \"/GetMyCompanyActiveContacts-ServiceOutput/toolResponseText\", \"order\": 1, \"title\": \"toolResponseText\", \"dataElementType\": \"string\"}, \"mapCondition\": {\"isConditionSet\": false, \"sourceTreeIndex\": [{\"key\": 1, \"title\": \"GetAllSFDCContactsOutput\", \"isLeaf\": false, \"isArray\": false, \"children\": [{\"key\": 2, \"title\": \"response\", \"isLeaf\": false, \"isArray\": false, \"children\": [{\"key\": 3, \"title\": \"records[]\", \"isLeaf\": false, \"isArray\": true, \"parentKey\": 2, \"arrayIndex\": null}], \"parentKey\": 1}], \"parentKey\": 0}], \"targetTreeIndex\": [{\"key\": 1, \"title\": \"GetMyCompanyActiveContacts-ServiceOutput\", \"isLeaf\": false, \"isArray\": false, \"children\": [{\"key\": 2, \"title\": \"toolResponseText\", \"isLeaf\": false, \"isArray\": false, \"parentKey\": 1}], \"parentKey\": 0}], \"mapConditionFormValue\": {}}}]}], \"tracks\": {}, \"transformer\": []}",
    "null" : false
  },
  "endpoint_structure_json" : {
    "type" : "jsonb",
    "value" : "{\"maps\": []}",
    "null" : false
  },
  "is_error" : false,
  "no_of_errors" : 0,
  "action_input_type" : null,
  "config_service_id" : null,
  "config_imap_id" : null,
  "config_b2b_document_type_id" : null,
  "config_document_id" : null,
  "add_variables" : {
    "type" : "jsonb",
    "value" : "[]",
    "null" : false
  },
  "drop_variables" : {
    "type" : "jsonb",
    "value" : "[]",
    "null" : false
  },
  "plug_input_structure" : null,
  "plug_output_structure" : null,
  "config_plug_id" : null,
  "override_plug" : false,
  "config_java_service_id" : null,
  "service_tag" : "EMPTY",
  "endpoint_tag" : null,
  "config_service_tag" : "",
  "config_imap_tag" : "",
  "config_b2b_document_type_tag" : "",
  "active" : true,
  "parent_component_config_service_tag" : "EMPTY",
  "service_project_id" : "4351d04d-3ddb-4089-844f-4e359c33e4e0",
  "service_project_tag" : "EMPTY",
  "config_service_project_id" : null,
  "config_service_project_tag" : "",
  "config_imap_project_id" : null,
  "config_imap_project_tag" : "",
  "config_b2b_document_type_project_id" : null,
  "config_b2b_document_type_project_tag" : "",
  "endpoint_project_id" : null,
  "endpoint_project_tag" : null,
  "config_plug_tag" : null,
  "config_plug_project_id" : null,
  "config_plug_project_tag" : null,
  "config_java_service_tag" : "",
  "config_java_service_project_id" : null,
  "config_java_service_project_tag" : "",
  "disabled" : false,
  "config" : null,
  "config_b2b_document_type_project_mode_id" : "112c1cb8-4b9e-4d1a-a042-0bd031dc7d05",
  "config_imap_project_mode_id" : "112c1cb8-4b9e-4d1a-a042-0bd031dc7d05",
  "config_java_service_project_mode_id" : "112c1cb8-4b9e-4d1a-a042-0bd031dc7d05",
  "config_plug_project_mode_id" : "112c1cb8-4b9e-4d1a-a042-0bd031dc7d05",
  "config_service_project_mode_id" : "112c1cb8-4b9e-4d1a-a042-0bd031dc7d05",
  "endpoint_project_mode_id" : "112c1cb8-4b9e-4d1a-a042-0bd031dc7d05",
  "service_project_mode_id" : "112c1cb8-4b9e-4d1a-a042-0bd031dc7d05",
  "parent_component_config_service_project_mode_id" : "112c1cb8-4b9e-4d1a-a042-0bd031dc7d05",
  "is_audit" : true,
  "keys_with_order" : null
}